Name;Class;Type;Range;Damage;Attacks;Dmg/sec;Decay;Ammo;Cost;Max.TT;Markup;Dmg/PEC;Efficiency;SIB;Source;Personal effects
MANTA K-3 (L);Melee;Shortblades;3.6;33;52;19.9;7.942;0;7.942;50.00; ;2.888;57.6;Yes;Crafted, Looted; 
MANTA K-3 Smuggler;Melee;Shortblades;3.6;36;54;22.5;8.703;0;8.703;700.00; ;2.875;56.7;Yes;Event, Looted; 
MANTA K-4 (L);Melee;Shortblades;3.6;42;54;26.3;10.094;0;10.094;70.00; ;2.892;57.9;Yes;Crafted, Looted; 
MANTA K-5 (L);Melee;Shortblades;3.6;48;57;31.7;11.520;0;11.520;90.00; ;2.896; ;Yes;Crafted, Looted; 
MANTA K-5 Smuggler;Melee;Shortblades;3.6;54;59;36.9;13.024;0;13.024;1800.00; ;2.882;57.2;Yes;Event, Looted; 
MANTA K-TT (L);Melee;Shortblades;5.0;5;78;4.5;1.200;0;1.200;9.00;0.00%;2.896;58.2;Yes;TT Arkadia; 
MANTA Strike 1 (L);Melee;Shortblades; ;48;51;28.4;11.528;0;11.528;330.00; ;2.894; ;Yes;Looted; 
MANTA Strike 2 (L);Melee;Shortblades;4.0;74;54;46.3;17.571;0;17.571;530.00; ;2.927; ;Yes;Looted; 
MANTA Strike 3 (L);Melee;Shortblades; ;92;56;59.7;21.785;0;21.785;730.00; ;2.935; ;Yes;Looted; 
Manticore Deathbringer;Melee;Power Fist;3.0;15;55;9.6;4.650;0;4.650;28.00; ;2.242;19.7;No;Looted; 
Manticore Deathbringer, Mentor Edition;Melee;Power Fist;4.0;18;66;13.8;4.750;0;4.750;28.00; ;2.634;40.3;No;Mentoring; 
Manuari Stoikow Anti-Materiel Rifle, Prototype (L);Rifle;BLP;134.0;404;4;18.7; ;900; ;21.00; ; ;0.0;Yes;Looted; 
Manuari Stormer Anti-Materiel Rifle, Prototype (L);Rifle;BLP;131.0;303;5;17.5; ;700; ;14.00; ; ;0.4;Yes;Looted; 
Marber BGH Annihilator;Rifle;Plasma;135.0;270;20;62.6;1.000;6200;63.000;100.00; ;2.979;79.0;Yes;Looted; 
Marber Bravo-Type Plasma Annihilator;Rifle;Plasma;150.0;99;13;14.9;0.900;2300;23.900;80.00; ;2.879;57.0;No;Looted; 
Marber Bravo-Type Plasma Annihilator, Adjusted;Rifle;Plasma;158.0;99;20;22.9;0.900;2300;23.900;80.00;1000.00 PED;2.879;57.0;Yes;Mission; 
Marber Bravo-Type Plasma Annihilator WOF Edition;Rifle;Plasma;154.0;99;15;17.2;0.900;2300;23.900;80.00; ;2.879;57.0;No;Event; 
Marber Echo-Type Plasma Annihilator;Rifle;Plasma;150.0;87;12;12.1;1.510;2000;21.510;70.00; ;2.811;52.2;No;Looted; 
Marber Echo-Type Plasma Annihilator, SGA Edition;Rifle;Plasma;150.0;87;16;16.1;1.500;2000;21.500;70.00; ;2.812;52.2;No;Looted; 
Marber Echo-Type Plasma Annihilator Mentor Ed.;Rifle;Plasma;152.0;93;13;14.0;1.510;2100;22.510;70.00; ;2.871;56.5;No;Mentoring; 
Marber Foxtrot-Type Plasma Annihilator;Rifle;Plasma;150.0;109;12;15.2;1.340;2500;26.340;145.00;250.00 PED;2.876;56.8;No;Looted; 
Marber Foxtrot-Type Plasma Annihilator, Mentor Ed.;Rifle;Plasma;160.0;119;14;19.3;4.000;2500;29.000;145.00;3500.00 PED;2.852;55.0;No;Mentoring; 
Marber Foxtrot-Type Plasma Annihilator, SGA Edition;Rifle;Plasma;165.0;109;12;15.2;1.340;2500;26.340;145.00;300.00 PED;2.876;56.8;No;Looted; 
Marber Tango-Type Plasma Annihilator;Rifle;Plasma;175.0;225;5;13.0;34.842;2300;57.842;225.00; ;2.703;44.8;No;Looted; 
Marber Tango-Type Plasma Annihilator, SGA Edition;Rifle;Plasma;175.0;225;6;15.6; ;2300; ;225.00; ; ;44.8;No;Looted; 
Marcato-9 Automatic Pistol (L);Pistol;Laser;27.5;9;53;5.5;0.445;171;2.155;11.00;154.00%;2.903;58.7;Yes;Crafted; 
Marcato-9 RFZ Automatic Pistol (L);Pistol;Laser;27.5;20;54;12.5;0.921;387;4.791;24.00;230.00%;2.901;58.6;Yes;Crafted; 
Marcato-9 Steampunk Automatic Pistol (L);Pistol;Laser;30.8;30;55;19.1;1.494;570;7.194;41.00; ;2.898;58.4;Yes;Crafted; 
MarCorp Kallous-1 (L);Carbine;Laser;61.6;21;38;9.2;0.350;480;5.150;19.60;117.00%;2.834;53.7;Yes;Looted; 
MarCorp Kallous-1, CDF Edition (L);Carbine;Laser;61.6;21;38;9.2;0.002;515;5.152;0.40; ;2.833;53.6;Yes;Daily Token Trader; 
MarCorp Kallous-2 (L);Carbine;Laser;57.2;26;41;12.3;0.458;591;6.368;29.70; ;2.838;54.0;Yes;Looted; 
MarCorp Kallous-2, CDF Edition (L);Carbine;Laser;57.2;26;41;12.3;0.002;637;6.372;0.40; ;2.836;53.8;Yes;Daily Token Trader; 
MarCorp Kallous-3 (L);Carbine;Laser;64.9;33;38;14.5;0.560;751;8.070;37.00;128.00%;2.842;54.3;Yes;Looted; 
MarCorp Kallous-3, CDF Edition (L);Carbine;Laser;64.9;33;38;14.5;0.002;807;8.072;0.40; ;2.841;54.2;Yes;Daily Token Trader; 
MarCorp Kallous-4 (L);Carbine;Laser;77.0;42;35;17.0;0.670;955;10.220;43.00; ;2.856;55.3;Yes;Looted; 
MarCorp Kallous-4, CDF Edition (L);Carbine;Laser;77.0;42;35;17.0;0.002;1022;10.222;0.40; ;2.856;55.3;Yes;Daily Token Trader; 
MarCorp Kallous-5 (L);Carbine;Laser;53.9;30;61;21.2;0.700;658;7.280;56.00;128.00%;2.864;55.9;Yes;Looted; 
MarCorp Kallous-5, CDF Edition (L);Carbine;Laser;53.9;30;61;21.2;0.002;728;7.282;0.40; ;2.863;55.8;Yes;Daily Token Trader; 
MarCorp Kallous-5, E.L.M Edition (L);Carbine;Laser;53.9;30;61;21.2;0.010;727;7.280;1.00;3000.00%;2.864;55.9;Yes;Looted; 
MarCorp Kallous-5, MM Edition (L);Carbine;Laser;53.9;30;61;21.2;0.010;727;7.280;1.00; ;2.864; ;Yes;Looted; 
MarCorp Kallous-5, RX Edition (L);Carbine;Laser;53.9;30;61;21.2;0.010;727;7.280;1.00; ;2.864;55.9;Yes;Looted; 
MarCorp Kallous-6 (L);Carbine;Laser;52.8;33;64;24.5;0.720;731;8.030;67.00;130.00%;2.856;55.3;Yes;Looted; 
MarCorp Kallous-6, CDF Edition (L);Carbine;Laser;52.8;33;64;24.5;0.002;803;8.032;0.40; ;2.855;55.3;Yes;Daily Token Trader; 
MarCorp Kallous-7;Carbine;Laser;73.7;53;61;37.4;0.990;1181;12.800;64.60;14000.00 PED;2.878;56.9;Yes;Looted; 
MarCorp Kallous-7 (L);Carbine;Laser;73.7;53;61;37.4;0.990;1181;12.800;64.60; ;2.878;56.9;Yes;Looted; 
MarCorp Kallous-7, CDF Edition (L);Carbine;Laser;73.7;53;61;37.4;0.003;1280;12.803;0.60; ;2.877;56.8;Yes;Daily Token Trader; 
Marked Combat Knife (L);Melee;Shortblades;4.0;48;56;31.1;11.770;0;11.770;750.00; ;2.834;53.2;Yes;Looted; 
Marked Flamethrower (L);Flamethrower;BLP;16.5;45;56;29.2;2.000;900;11.000;150.00;115.00%;2.843;54.4;Yes;Looted; 
Marked HK 1675 (L);Carbine;Laser;66.6;64;46;34.1; ;1330; ;150.00; ; ;53.6;Yes;Looted; 
Marked Psy-Sword (L);Melee;Longblades;5.0;91;33;34.8; ;0; ;1250.00; ; ;53.3;Yes;Looted; 
Marked Scorpion (L);Pistol;Laser;37.4;56;56;36.3; ;1117; ;125.00; ; ;61.0;Yes;Looted; 
Mar-Lighter Davidov;Carbine;Laser;71.5;33;36;13.8;0.440;800;8.440;60.00; ;2.717;45.7;No;Crafted; 
Mar-Peeker Davidov;Carbine;Laser;66.0;16;27;5.0;0.060;400;4.060;25.00; ;2.739;47.1;No;Crafted; 
Mar-Spark Davidov;Carbine;Laser;71.5;30;36;12.5;0.470;700;7.470;45.00; ;2.791;50.7;No;Crafted; 
Master Guards Spiked Club;Melee;Clubs;9.0;200;22;51.0;48.200;0;48.200;880.00; ;2.884;57.3;Yes;Looted; 
Master Guards Spiked Club (L);Melee;Clubs;9.0;200;22;51.0; ;0; ;274.00; ; ;57.3;Yes;Looted; 
Mature Argonaut's Claws (L);Melee;Power Fist;6.0;52;61;36.7;12.350;0;12.350;155.00; ;2.926;60.5;Yes;Looted; 
Mawlood Graduate (L);Rifle;Laser;33.6;14;48;7.8;0.060;302;3.080;7.00;200.00%;3.159;79.5;Yes;Looted; 
Mawlood Recruit Eagle (L);Carbine;Laser;44.0;3;55;1.9;0.008;73;0.738;0.09;1111.11%;2.825;53.1;Yes;Looted; 
Mawlood Recruit Hawk (L);Carbine;Laser;58.0;3;75;2.6;0.040;69;0.730;0.70;285.00%;2.856;55.3;Yes;Looted; 
Mayhem Arsonistic Chip 15;Mindforce;Pyro;70.0;1220;3;42.4;36.449;22500;261.449;200.00; ;3.243;80.0;Yes;Mayhem; 
Mayhem Electric Attack Nanochip 15, Perfected;Mindforce;Electric;32.7;134.4;51.07;79.5;1.139;2638;27.519;146.00; ;3.394;83.3;Yes;Mayhem Token Trader; 
Mayhem Force Mace Basher, Improved;Melee;Clubs;5.0;49;39;22.1;10.632;0;10.632;1000.00;21000.00 PED;3.203;77.2;Yes;Mayhem Token Trader; 
Mayhem Nano-Blade;Melee;Longblades;8.0;275;30;95.6;10.000;4500;55.000;1000.00; ;3.475;66.5;Yes;Mayhem Token Trader; 
Mayhem Nano-Blade, Modified;Melee;Longblades;8.0;275;33;105.1;9.000;4050;49.500;1000.00; ;3.861;86.5;Yes;Mayhem Token Trader; 
Mayhem Scintillator Azure;Pistol;Laser;36.0;16;79;14.6;0.094;368;3.774;42.00;12.00 PED;2.946;62.1;Yes;Event;Increased Critical Strike Chance: 1%
Mayhem Scintillator Cobalt;Pistol;Laser;36.0;35;79;32.0;0.174;808;8.254;78.00; ;2.947;62.1;Yes;Event;Increased Critical Strike Chance: 1%
Mayhem Scintillator Heliotrope;Pistol;Laser;39.6;52;79;47.6;0.269;1200;12.269;116.00; ;2.946;62.2;Yes;Event;Increased Critical Strike Chance: 1%
Mayhem Scintillator Viridian;Pistol;Laser;39.6;65;79;59.5;0.260;1500;15.260;140.00; ;2.960;63.1;Yes;Event;Increased Critical Strike Chance: 1%
Maze Hammer;Melee;Clubs;5.0;8;22;2.0;1.928;0;1.928;5.00; ;2.884;57.3;Yes;Mission; 
Meckel & Loch ML-35;Rifle;BLP;140.0;81;38;35.7;2.550;1700;19.550;230.00;7806.00 PED;2.880;57.0;No;Looted; 
Meckel & Loch ML-35, Adjusted;Rifle;BLP;140.0;81;44;41.3;2.550;1690;19.450;230.00; ;2.894;58.1;Yes;Mission; 
Meckel & Loch ML-35, Mentor Edition;Rifle;BLP;140.0;88;42;42.8;4.300;1800;22.300;230.00; ;2.743;47.4;No;Mentoring; 
Meckel & Loch ML-35, Modified;Rifle;BLP;145.0;99;39;44.7;3.900;1900;22.900;7800.00; ;3.005;66.6;No;Looted; 
Meckel & Loch ML-35, SGA Edition;Rifle;BLP;140.0;84;38;37.0;3.274;1700;20.274;230.00; ;2.880;57.0;No;Looted; 
Meckel & Loch ML-35, TWEN Edition;Rifle;BLP;140.0;81;42;39.4;2.295;1530;17.595;230.00; ;3.199;77.0;Yes;TWEN Token Trader; 
Meckel & Loch ML-45;Rifle;BLP;145.0;110;27;34.4;5.000;2400;29.000;298.00;3000.00 PED;2.636;40.5;No;Looted; 
Meckel & Loch ML-45, Improved;Rifle;BLP;125.0;124;31;44.5;5.000;2400;29.000;318.00; ;2.972;64.0;No;Looted; 
Meckel & Loch ML-65 (L);Rifle;BLP;138.0;121;37;51.9;2.360;2650;28.860;244.00; ;2.914;59.6;Yes;Looted; 
Meckel & Loch PSG-45 Sniper;Rifle;BLP;165.0;188;8;17.4;44.000;400;48.000;585.00;60014.00 PED;2.722;46.0;No;Looted; 
Megingjord Turret Mk1 (C,L);Attached;BLP;1020.5;526; ; ;0.000;12927;129.270;37.00; ;2.828;53.3;Yes;Crafted; 
Mez-1 EnergyGlove;Melee;Power Fist;3.0;15;61;10.6;5.311;0;5.311;35.00;230.00 PED;1.963;4.0;No;Crafted; 
Microdot Majere's BFK (L);Melee;Shortblades;5.0;39;60;27.1;9.520;0;9.520;162.00; ;2.847;54.7;Yes;Looted; 
Mir-1 EnergyGlove;Melee;Power Fist;3.0;4;92;4.3;1.480;0;1.480;14.00;300.00 PED;1.878;7.0;No;Crafted; 
Mir-2 EnergyGlove;Melee;Power Fist;3.0;5;92;5.3;1.960;0;1.960;17.50;300.00 PED;1.773;4.6;No;Crafted; 
Mirath Fatal Shot (L);Rifle;Laser;81.4;19;38;8.4;0.156;438;4.536;70.00;100.00%;2.911;59.4;Yes;Looted; 
Mirath Long Shot (L);Rifle;Laser;77.0;14;38;6.2;0.156;323;3.386;70.00;117.43%;2.874;56.6;Yes;Looted; 
Mirath Sharp Shot (L);Rifle;Laser;73.7;10;38;4.4;0.156;231;2.466;70.00;111.80%;2.818;52.6;Yes;Looted; 
Modec VXT 100 (L);Carbine;Laser;77.0;5;62;3.6;0.030;118;1.210;0.96; ;2.872;56.5;Yes;Looted; 
Modec VXT 300 (L);Carbine;Laser;86.9;31;55;19.7;0.774;674;7.514;31.00;131.75%;2.867;56.1;Yes;Crafted, Looted; 
Modec VXT 700 (L);Carbine;Laser;83.6;31;56;20.1;0.774;668;7.454;29.00;137.00%;2.890;57.8;Yes;Looted; 
Modec VXT 900 (L);Carbine;Laser;90.2;49;63;35.8;1.568;1024;11.808;63.00; ;2.884;57.3;Yes;Looted; 
Monria Boxing Gloves 12oz Lightweight (F,L);Melee;Power Fist;4.0;6;72;5.0; ;0; ;15.00; ; ;61.0;Yes;Crafted; 
Monria Boxing Gloves 12oz Lightweight (M,L);Melee;Power Fist;4.0;6;72;5.0; ;0; ;15.00; ; ;61.0;Yes;Crafted; 
Monria Boxing Gloves 18oz Lightweight (F,L);Melee;Power Fist;4.0;9;48;5.0; ;0; ;22.50; ; ;61.0;Yes;Crafted; 
Monria Boxing Gloves 18oz Lightweight (M,L);Melee;Power Fist;4.0;9;48;5.0; ;0; ;22.50; ; ;61.0;Yes;Crafted; 
Monria Boxing Gloves 36oz Middleweight (F,L);Melee;Power Fist;4.0;18;72;15.0; ;0; ;45.00; ; ;61.0;Yes;Crafted; 
Monria Boxing Gloves 36oz Middleweight (M,L);Melee;Power Fist;4.0;18;72;15.0; ;0; ;45.00; ; ;61.0;Yes;Crafted; 
Monria Boxing Gloves 54oz Middleweight (F,L);Melee;Power Fist;4.0;27;48;15.0; ;0; ;67.50; ; ;61.0;Yes;Crafted; 
Monria Boxing Gloves 54oz Middleweight (M,L);Melee;Power Fist;4.0;27;48;15.0; ;0; ;67.50; ; ;61.0;Yes;Crafted; 
Monria Boxing Gloves 70oz Heavyweight (F,L);Melee;Power Fist;4.0;30;72;25.0; ;0; ;75.00; ; ;61.0;Yes;Crafted; 
Monria Boxing Gloves 70oz Heavyweight (M,L);Melee;Power Fist;4.0;30;72;25.0; ;0; ;75.00; ; ;61.0;Yes;Crafted; 
Monria Boxing Gloves 90oz Heavyweight (F,L);Melee;Power Fist;4.0;45;48;25.0; ;0; ;112.50; ; ;61.0;Yes;Crafted; 
Monria Boxing Gloves 90oz Heavyweight (M,L);Melee;Power Fist;4.0;45;48;25.0; ;0; ;112.50; ; ;61.0;Yes;Crafted; 
Montgomery Anabolic;Carbine;Laser;57.2;47;37;20.1;1.285;1000;11.285;4160.00;1800.00 PED;2.895;58.1;Yes;Crafted; 
Montgomery Anabolic (L);Carbine;Laser;57.2;47;37;20.1;1.160;1000;11.160;198.00; ;2.927;60.6;Yes;Crafted; 
Montgomery Anabolic (L) Adapted;Carbine;Laser;66.0;62;50;35.9;1.482;1300;14.482;893.00; ;2.975;64.3;Yes;Crafted; 
Montgomery Diabolic;Carbine;Laser;63.8;57;43;28.4;1.621;1200;13.621;5110.00;12000.00 PED;2.908;59.2;Yes;Crafted; 
Montgomery Diabolic (L);Carbine;Laser;63.8;57;43;28.4;1.470;1200;13.470;245.00; ;2.941; ;Yes;Crafted; 
Moonshine PBP-32 (L);Pistol;BLP;33.0;39;85;38.4; ;905; ;39.00; ; ;56.7;Yes;Looted;Skill Gain - BLP Weapons 1%
Moonshine PBP-62 (L);Pistol;BLP;35.2;68;74;58.3;1.666;1477;16.436;181.00; ;2.875;56.8;Yes;Looted;Skill Gain - BLP Weapons 2%
Moonshine PBR-32 (L);Rifle;BLP;55.0;61;55;38.9;0.590;1415;14.740;61.10; ;2.876;56.7;Yes;Looted;Skill Gain - BLP Weapons 1%
Moonshine PBR-62 (L);Rifle;BLP;65.0;90;56;58.4; ;1954; ;307.00; ; ;56.8;Yes;Looted;Skill Gain - BLP Weapons 2%
Moonshine PLP-32 (L);Pistol;Laser;35.2;45;74;38.6;0.434;1044;10.874;45.00; ;2.876;56.7;Yes;Looted;Skill Gain - Laser Weapons 1%
Moonshine PLP-62 (L);Pistol;Laser;34.0;72;71;59.2;1.790;1561;17.400;182.50; ;2.876;56.7;Yes;Looted;Skill Gain - Laser Weapons 2%
Moonshine PLR-32 (L);Rifle;Laser;57.2;74;45;38.6; ;1716; ;75.00; ; ;56.7;Yes;Looted;Skill Gain - Laser Weapons 1%
Moonshine PLR-62 (L);Rifle;Laser;72.2;116;44;59.1; ;2516; ;456.00; ; ;56.7;Yes;Looted;Skill Gain - Laser Weapons 2%
Mothership Gun Turret (L);Attached;Laser;87.0;350;1.57;6.4;0.000;10000;100.000; ; ;2.433;53.7; ; ; 
M-Ray 1000 Laser Pistol;Pistol;Laser;25.3;9;42;4.4;0.070;210;2.170;17.30; ;2.882;57.2;Yes;Crafted; 
M-Ray 1000 Laser Pistol (L);Pistol;Laser;25.3;9;42;4.4; ;210; ;17.30; ; ;57.2;Yes;Crafted; 
M-Ray 2000 Laser Pistol (L);Pistol;Laser;29.0;11;51;6.5; ;250; ;29.75; ; ;59.0;Yes;Crafted; 
MRL AV30 (L);Attached;Rocket;130.0;129;17;25.4;5.500;2600;31.500;72.10; ;2.846;54.4;Yes;Crafted; 
Mux-1 EnergyGlove;Melee;Power Fist;3.0;6;92;6.4;2.584;0;2.584;19.95;320.00 PED;1.614;3.0;No;Crafted; 
Mux-2 EnergyGlove;Melee;Power Fist;3.0;8;79;7.3;3.878;0;3.878;27.50;5.00 PED;1.434;0.2;No;Crafted; 
Naglfar Anti Air Cannon Mk1 (L);Attached;BLP;160.0;164; ; ;0.000;4027;40.270;29.00; ;2.830;53.4;Yes;Crafted; 
Naglfar Turret Mk. 1 (C,L);Attached;Rocket;1029.3;372; ; ;0.000;9143;91.430;31.00; ;2.828;53.3;Yes;Crafted; 
Nano Dai-Katana (L);Melee;Longblades;5.0;71;57;46.9;17.000;0;17.000;356.00; ;2.903;59.7;Yes;Crafted; 
Nano Dai-Katana, SGA Edition;Melee;Longblades;5.0;71;57;46.9;17.207;0;17.207;356.00; ;2.868;56.1;Yes;Crafted; 
Nano Katana;Melee;Longblades;5.0;64;55;40.8;15.225;0;15.225;7328.00; ;2.922;60.1;Yes;Crafted; 
Nano Katana (L);Melee;Longblades;5.0;64;55;40.8;15.000;0;15.000;302.00; ;2.965;63.9;Yes;Crafted; 
Newlander Knife (L);Melee;Shortblades;4.0;24;44;12.2; ;0; ;11.00; ; ;56.7;Yes;Crafted; 
NI Basic Longblade (L);Melee;Longblades;7.0;11;33;4.2; ;0; ;15.00; ; ;57.4;Yes;TT SI; 
NIP;Pistol;Laser;55.0;8;44;4.1;0.020;200;2.020;3.80; ;2.752;48.0;Yes;Mission; 
NIP P1 (L);Pistol;Laser;55.0;18;48;10.0;2.038;250;4.538;12.00; ;2.757;48.3;Yes;Crafted; 
NIP P2 (L);Pistol;Laser;55.0;27;51;16.0;3.800;300;6.800;27.00; ;2.760;48.8;Yes;Crafted; 
NIP P3 (L);Pistol;Laser;55.0;40;56;25.9; ;350; ;70.00; ; ;49.7;Yes;Crafted; 
NIP P4 (L);Pistol;Laser;55.0;47;61;33.2; ;400; ;104.00; ; ;50.4;Yes;Crafted; 
NIP P5 (L);Pistol;Laser;55.0;68;67;52.8;12.666;450;17.166;150.00; ;2.753;51.3;Yes;Crafted; 
Noob Club (L);Melee;Clubs;9.0;6;33;2.3;1.451;0;1.451;5.00;0.00%;2.874;56.6;Yes;Looted; 
Nuskha Contribution (L);Melee;Longblades;9.0;30;41;14.2; ;0; ;260.00; ; ;58.5;Yes;Looted; 
Odin;Carbine;Laser;55.0;49;51;28.9;2.380;1000;12.380;155.00; ;2.751;47.6;No;Crafted; 
Old Jack's Nimble HK (L);Rifle;Laser;71.5;50;56;32.4;1.200;1100;12.200;100.00; ;2.848;54.7;Yes;Looted; 
Old Pirates Pistol (L);Pistol;BLP;18.7;13;70;10.5; ;284; ;25.50; ; ;56.3;Yes;Looted; 
Omegaton ASG-1 Pig;Rifle;BLP;15.4;82;26;24.7;3.110;1700;20.110;165.00; ;2.834;53.6;No;Looted; 
Omegaton ASG-2 Swine Deluxe;Rifle;BLP;19.8;123;41;58.4;20.811;2400;44.811;223.00;15000.00 PED;1.908;7.8;No;Looted; 
Omegaton ASG-2 Swine Deluxe, TWEN Edition;Rifle;BLP;25.0;220;44;112.1;4.000;4300;47.000;500.00; ;3.253;57.8;Yes;TWEN Token Trader; 
Omegaton ASG-3 Warthog;Rifle;BLP;16.5;94;32;34.8;5.020;1800;23.020;678.00;1400.00 PED;2.838;45.4;No;Looted; 
Omegaton ASG-3 Warthog, Adjusted;Rifle;BLP;18.7;97;35;39.3;5.020;1800;23.020;678.00;10000.00 PED;2.929;60.7;No;Event; 
Omegaton ASG-3 Warthog, SGA Edition;Rifle;BLP;19.8;97;32;36.0; ;1800; ;254.00; ; ;51.3;No;Looted; 
Omegaton ASG-4 Wildboar (L);Rifle;BLP;26.4;72;58;48.4;0.300;1690;17.200;52.00; ;2.909;59.2;Yes;Looted; 
Omegaton ASG-12 Bucketful;Rifle;BLP;30.8;82;50;47.5;1.270;1830;19.570;176.00; ;2.912;59.4;Yes;Looted; 
Omegaton ASG-12 Bucketful (L);Rifle;BLP;30.8;82;50;47.5;1.270;1830;19.570;176.00;138.00%;2.912;59.4;Yes;Looted; 
Omegaton ASG-12 Bucketful, CDF Edition (L);Rifle;BLP;30.8;82;50;47.5;0.004;1957;19.574;0.80; ;2.912;59.4;Yes;Daily Token Trader; 
Omegaton ASG-12 Fletcher (L);Rifle;BLP;40.7;91;48;50.6;1.600;2010;21.700;185.00;110.00%;2.915;59.6;Yes;Looted; 
Omegaton ASG-12 Fletcher, CDF Edition (L);Rifle;BLP;40.7;91;48;50.6;0.004;2170;21.704;0.80; ;2.914;59.6;Yes;Daily Token Trader; 
Omegaton ASG-12 Fragfire (L);Rifle;BLP;33.0;139;42;67.6;3.150;2955;32.700;389.00; ;2.954;62.7;Yes;Looted; 
Omegaton ASG-12 Fragfire, CDF Edition (L);Rifle;BLP;33.0;139;42;67.6;0.005;3270;32.705;1.00; ;2.954;62.6;Yes;Daily Token Trader; 
Omegaton Bur Ning (L);Melee;Shortblades;4.0;96;46;51.2;22.907;0;22.907;230.00; ;2.913;59.5;Yes;Crafted; 
Omegaton Caus Tik (L);Melee;Longblades;5.0;129;34;50.8;30.758;0;30.758;310.00; ;2.915;59.6;Yes;Crafted; 
Omegaton Chillwind (L);Melee;Shortblades;4.0;112;49;63.6; ;0; ;269.00; ; ;58.3;Yes;Crafted; 
Omegaton Flashfire;Melee;Shortblades;4.0;84;44;42.8;20.502;0;20.502;12080.00; ;2.848;54.7;Yes;Crafted; 
Omegaton Flashfire (L);Melee;Shortblades;4.0;84;44;42.8;20.257;0;20.257;203.00; ;2.882;57.2;Yes;Crafted; 
Omegaton Flashfire, SGA Edition (L);Melee;Shortblades;4.0;86;44;43.8; ; ; ;203.00; ; ;57.2;Yes; ; 
Omegaton Frostbite (L);Melee;Longblades;5.0;152;36;63.4;36.463;0;36.463;365.00; ;2.897;58.3;Yes;Crafted; 
Omegaton Full Spectrum Sword (L);Melee;Longblades;5.0;162;37;69.4; ;0; ;388.00; ; ;59.2;Yes;Crafted; 
Omegaton Igni L1000;Pistol;Laser;28.6;40;61;28.3;0.820;890;9.720;148.00; ;2.860;55.6;Yes;Looted; 
Omegaton Igni L1000 (L);Pistol;Laser;28.6;40;61;28.3;0.764;890;9.664;78.00;115.00%;2.877;55.6;Yes;Looted; 
Omegaton Igni L1000, CDF Edition (L);Pistol;Laser;28.6;40;61;28.3;0.003;972;9.723;0.60; ;2.859;55.5;Yes;Daily Token Trader; 
Omegaton Igni L1010 (L);Pistol;Laser;26.4;44;65;33.1;0.890;979;10.680;88.00; ;2.863;55.8;Yes;Looted; 
Omegaton Igni L1010, CDF Edition (L);Pistol;Laser;26.4;44;65;33.1;0.003;1068;10.683;0.60; ;2.862;55.8;Yes;Daily Token Trader; 
Omegaton Igni L1011 (L);Pistol;Laser;28.6;53;61;37.4;0.990;1185;12.840;97.00;140.00%;2.869;56.2;Yes;Looted; 
Omegaton Igni L1011, CDF Edition (L);Pistol;Laser;28.6;53;61;37.4;0.003;1284;12.843;0.60; ;2.868;56.2;Yes;Daily Token Trader; 
Omegaton Igni L1011, MM Edition (L);Pistol;Laser;28.6;53;61;37.4;0.010;1283;12.840;1.00; ;2.869;56.2;Yes;Looted; 
Omegaton Igni L1011, RX Edition (L);Pistol;Laser;28.6;53;61;37.4;0.010;1283;12.840;1.00;13500.00%;2.869;56.2;Yes;Looted; 
Omegaton Igni L1100 (L);Pistol;Laser;35.2;70;54;43.8;1.140;1560;16.740;122.00;132.00%;2.906;59.0;Yes;Looted; 
Omegaton Igni L1100, CDF Edition (L);Pistol;Laser;35.2;70;54;43.8;0.003;1674;16.743;0.60; ;2.906;59.0;Yes;Daily Token Trader; 
Omegaton Igni L1100E;Pistol;Laser;30.8;73;56;47.4;1.260;1615;17.410;160.00; ;2.914;59.7;Yes;Looted; 
Omegaton Igni L1100E (L);Pistol;Laser;30.8;73;56;47.4;1.255;1615;17.405;160.00;130.00%;2.915;59.7;Yes;Looted; 
Omegaton Igni L1100E, CDF Edition (L);Pistol;Laser;30.8;73;56;47.4;0.004;1740;17.404;0.80; ;2.915;59.7;Yes;Daily Token Trader; 
Omegaton Igni L1200 (L);Pistol;Laser;37.4;85;60;59.1;1.520;1868;20.200;214.00; ;2.925;60.4;Yes;Looted; 
Omegaton Igni L1200, CDF Edition (L);Pistol;Laser;37.4;85;60;59.1;0.005;2020;20.205;1.00; ;2.924;60.3;Yes;Daily Token Trader; 
Omegaton Igni L1210 (L);Pistol;Laser;36.3;82;65;61.7;1.440;1799;19.430;216.00;115.00%;2.933;61.0;Yes;Looted; 
Omegaton Igni L1210, CDF Edition (L);Pistol;Laser;36.3;82;65;61.7;0.005;1943;19.435;1.00; ;2.932;61.0;Yes;Daily Token Trader; 
Omegaton Igni L2000 (L);Pistol;Laser;37.4;84;68;66.2;1.520;1829;19.810;231.00; ;2.947;62.1;Yes;Looted; 
Omegaton Igni L2000, CDF Edition (L);Pistol;Laser;37.4;84;68;66.2;0.005;1981;19.815;1.00; ;2.946;62.0;Yes;Daily Token Trader; 
Omegaton Igni L2020 (L);Pistol;Laser;31.9;85;69;67.9;1.552;1843;19.982;233.00; ;2.956;62.8;Yes;Looted; 
Omegaton Igni L2020, CDF Edition (L);Pistol;Laser;31.9;85;69;67.9;0.005;1998;19.985;1.00; ;2.956;62.8;Yes;Daily Token Trader; 
Omegaton Jupiter (L);Melee;Longblades;5.0;141;35;57.2; ;0; ;339.00; ; ;58.1;Yes;Crafted; 
Omegaton Kaleidoscopic Nightmare (L);Melee;Shortblades;4.0;118;50;68.3; ;0; ;283.00; ; ;58.3;Yes;Crafted; 
Omegaton Lightning Dagger (L);Melee;Shortblades;4.0;105;47;57.2; ;0; ;251.00; ; ;59.1;Yes;Crafted; 
Omegaton M61A5;Rifle;Laser;120.0;77;23;20.5;2.500;1700;19.500;250.00; ;2.744;49.3;No;Looted; 
Omegaton M61A5, Adjusted;Rifle;Laser;115.0;102;32;37.8;0.120;2300;23.120;320.00;35000.00 PED;3.066;71.6;No;Looted; 
Omegaton M71A1;Rifle;Laser;155.0;80;30;27.8;1.300;1800;19.300;240.00; ;2.881;58.6;No;Looted; 
Omegaton M71A2;Rifle;Laser;155.0;85;32;31.5;1.300;1900;20.300;280.00;4100.00 PED;2.910;59.3;No;Looted; 
Omegaton M71A2, Ancient;Rifle;Laser;200.0;85;32;31.5; ;1900; ;280.00; ; ;59.3;No;Pregold; 
Omegaton M71A2, Modified;Rifle;Laser;160.0;156;38;68.7;2.490;3300;35.490;15000.00; ;3.055;73.1;No;MA Owned; 
Omegaton M83 Predator;Carbine;Laser;89.1;139;37;59.6;2.400;3058;32.980;345.00;52000.00 PED;2.929;60.7;Yes;Looted; 
Omegaton M83 Predator (L);Carbine;Laser;89.1;139;37;59.6;2.400;3058;32.980;245.00; ;2.929;60.7;Yes;Looted; 
Omegaton M83 Predator, CDF Edition (L);Carbine;Laser;89.1;139;37;59.6;0.005;3298;32.985;1.00; ;2.929;60.7;Yes;Daily Token Trader; 
Omegaton M87 Prowler (L);Carbine;Laser;95.7;116;54;72.6;2.264;2496;27.224;312.00; ;2.961;63.2;Yes;Looted; 
Omegaton M87 Prowler, CDF Edition (L);Carbine;Laser;95.7;116;54;72.6;0.005;2722;27.225;1.00; ;2.961;63.2;Yes;Daily Token Trader; 
Omegaton M91 Stalker (L);Carbine;Laser;100.1;116;55;73.9;2.350;2478;27.130;356.00; ;2.972;64.0;Yes;Looted; 
Omegaton M91 Stalker, Augmented;Carbine;Laser;96.8;165;46;87.9;3.910;3419;38.100;560.00; ;3.010;67.0;Yes;Looted; 
Omegaton M91 Stalker, CDF Edition (L);Carbine;Laser;100.1;116;55;73.9;0.005;2713;27.135;1.00; ;2.971;64.0;Yes;Daily Token Trader; 
Omegaton M2100;Pistol;Laser;22.0;4;44;2.0;0.020;100;1.020;2.20;500.00 PED;2.725;46.2;Yes;Old Time TT Calypso; 
Omegaton M2100A1 (L);Pistol;Laser;26.4;5;70;4.1;0.018;118;1.198;3.00;100.00%;2.901;58.2;Yes;TT Calypso; 
Omegaton M2200;Pistol;Laser;22.0;3;40;1.4;0.020;100;1.020;2.00; ;2.044;12.0;No;Looted; 
Omegaton M2201;Pistol;Laser;22.0;4;75;3.5;0.020;100;1.020;3.00;500.00 PED;2.725;46.2;No;Looted; 
Omegaton M2201A1;Pistol;Laser;27.5;8;55;5.1;0.030;200;2.030;6.00; ;2.739;47.1;No;Looted; 
Omegaton M2722;Pistol;Laser;33.0;22;40;10.2;0.520;500;5.520;33.00;109.00 PED;2.770;49.2;No;Looted; 
Omegaton M2722, Adjusted;Pistol;Laser;44.0;31;60;21.5;0.490;700;7.490;250.00; ;2.877;56.8;No;Looted; 
Omegaton M2725, Mentor Edition;Pistol;Laser;33.0;25;43;12.5;1.000;500;6.000;33.00; ;2.896;58.2;No;Mentoring; 
Omegaton M2732;Pistol;Laser;33.0;25;40;11.6;0.250;600;6.250;38.00;119.00 PED;2.780;49.9;No;Looted; 
Omegaton M2732A1;Pistol;Laser;33.0;26;40;12.0;0.470;600;6.470;45.00; ;2.793;50.8;No;Looted; 
Omegaton M2870;Pistol;Laser;33.0;36;50;20.9;0.820;800;8.820;66.00; ;2.837;53.9;No;Looted; 
Omegaton M2870, Ancient (range 38.5);Pistol;Laser;38.5;36;50;20.9;0.900;800;8.900;66.00; ;2.811;53.9;No;Pregold; 
Omegaton M2870, Ancient (range 55.0);Pistol;Laser;55.0;36;50;20.9; ;800; ;66.00; ; ;53.9;No;Pregold; 
Omegaton M2870, Improved;Pistol;Laser;44.0;63;67;48.9;0.500;1400;14.500;1350.00;25000.00 PED;3.020;67.8;No;Looted; 
Omegaton M2870, Improved, SGA Edition;Pistol;Laser;44.0;65;67;50.4;0.957;1400;14.957;1350.00;40000.00 PED;3.020;67.8;No;Looted; 
Omegaton M2870, Improved, TWEN Edition;Pistol;Laser;44.0;63;74;54.0;0.450;1260;13.050;1350.00; ;3.355;87.8;Yes;Looted; 
Omegaton M2875;Pistol;Laser;33.0;44;60;30.6;0.650;1000;10.650;89.00; ;2.871;56.4;No;Looted; 
Omegaton M2890;Pistol;Laser;33.0;48;48;26.7;0.600;1100;11.600;110.00; ;2.876;56.7;No;Looted; 
Omegaton M2910;Pistol;Laser;22.0;51;55;32.5;1.200;1100;12.200;160.00; ;2.905;58.9;No;Looted; 
Omegaton M2930;Pistol;Laser;30.8;54;30;18.8;2.200;1100;13.200;175.00; ;2.843;55.1;No;Looted; 
Omegaton M2930, Mentor Edition;Pistol;Laser;39.6;57;60;39.6;2.000;1200;14.000;175.00; ;2.830;53.4;No;Mentoring; 
Omegaton Mayhem Power Claw Cleaver, Modified;Melee;Power Fist;4.0;55;81;51.6;11.859;0;11.859;1000.00; ;3.223;78.6;Yes;Mayhem Token Trader; 
Omegaton Neptune (L);Melee;Shortblades;5.0;85;67;66.0;20.000;0;20.000;350.00; ;2.954;62.1;Yes;Looted; 
Omegaton Neptune, MM Edition (L);Melee;Shortblades;5.0;85;67;66.0;0.008;2003;20.038;1.00; ;2.948;62.2;Yes;Looted; 
Omegaton Power Claw, Mentor Edition;Melee;Power Fist;4.0;20;63;14.6;4.913;0;4.913;127.00; ;2.829;53.4;Yes;Mentoring; 
Omegaton Power Claw Cleaver (L);Melee;Power Fist;4.0;55;73;46.5;13.177;0;13.177;175.00; ;2.901;58.6;Yes;Looted; 
Omegaton Power Claw Piercer (L);Melee;Power Fist;4.0;33;61;23.3;7.943;0;7.943;99.00; ;2.887;57.6;Yes;Looted; 
Omegaton Power Claw Stabber (L);Melee;Power Fist;4.0;45;66;34.4;10.809;0;10.809;137.00; ;2.893;58.0;Yes;Looted; 
Omegaton Prismatic Enblade (L);Melee;Shortblades;5.0;87;72;72.6;20.398;0;20.398;410.00; ;2.964;63.4;Yes;Looted; 
Omegaton Saturn (L);Melee;Shortblades;5.0;92;66;70.3;21.600;0;21.600;398.00;1400.00%;2.960;63.1;Yes;Looted; 
Omegaton Sunstorm (L);Melee;Longblades;5.0;113;33;43.2;27.051;0;27.051;271.00; ;2.903;58.8;Yes;Crafted; 
Omegaton Z1001;Pistol;BLP;22.0;20;33;7.6;2.100;300;5.100;60.00; ;2.725;46.2;No;Looted; 
Omegaton Z1002;Pistol;BLP;33.0;29;43;14.4;3.200;400;7.200;92.00;25.00 PED;2.799;51.3;No;Looted; 
Omegaton Z1002A1;Pistol;BLP;33.0;32;46;17.1;2.780;500;7.780;103.00; ;2.859;52.1;No;Looted; 
Omegaton Z1002A1, Ancient;Pistol;BLP;55.0;32;46;17.1;2.780;500;7.780;103.00; ;2.859;52.1;No;Pregold; 
Omegaton Z1101;Pistol;BLP;33.0;39;55;24.8;3.600;600;9.600;115.00; ;2.823;53.0;No;Looted; 
Omegaton Z1102;Pistol;BLP;33.0;40;52;24.1;4.000;600;10.000;130.00; ;2.780;53.5;No;Looted; 
OmegaTrek P36 (L);Pistol;Laser;36.3;59;60;41.0; ;1190; ;171.00; ; ;57.2;Yes;Crafted; 
OmegaTrek P41 (L);Pistol;Laser;36.3;64;60;44.5; ;1287; ;190.00; ; ; ;Yes;Crafted; 
OmegaTrek P46 (L);Pistol;Laser;27.5;70;60;48.7;3.200;1390;17.100;240.00;127.00%;2.845;54.5;Yes;Crafted; 
OmegaTrek P52 (L);Pistol;Laser; ; ; ; ; ; ; ; ; ; ; ;Yes;Crafted; 
Omicron Sticky Launcher;Support;Grenade;131.9;35;37;15.0; ;750; ;10.00; ; ;55.7;Yes; ; 
Oompa Jaw Breaker (L);Melee;Clubs;8.0;35;41;16.6; ;0; ;87.00; ; ;59.9;Yes;Looted; 
Oompa Skull Crusher (L);Melee;Clubs;8.0;50;41;23.7; ;0; ;124.00; ; ;60.0;Yes;Looted; 
Ophidian Blade B-100 (L);Melee;Longblades;7.0;11;33;4.2;2.650;0;2.650;15.00; ;2.885;57.4;Yes;TT Toulan; 
Ophidian Blade M1 (L);Melee;Longblades;7.0;9;38;4.0;2.153;0;2.153;15.00;0.00%;2.905;58.9;Yes;Looted; 
Ophidian Blade M2 (L);Melee;Longblades;7.0;14;38;6.2;3.348;0;3.348;28.00; ;2.906;59.0;Yes;Looted; 
Ophidian Blade M3 (L);Melee;Longblades;8.0;18;38;7.9;4.304;0;4.304;36.00; ;2.907;59.0;Yes;Looted; 
Ophidian Blade M4 (L);Melee;Longblades;8.0;21; ; ; ; ; ;42.00; ; ;59.1;Yes;Looted; 
Orgasmatron Axe (L);Melee;Axes;5.0;68;37;29.1;16.180;0;16.180;158.00; ;2.921;60.1;Yes;Looted; 
Orgasmatron Axe (L) Brutal;Melee;Axes;5.0;78;36;32.5;18.590;0;18.590;189.00; ;2.916;59.7;Yes;Looted; 
Ozpyn BP S1X1;Pistol;BLP;36.3;18;39;8.1;0.352;400;4.352;30.00; ;2.875;56.6;Yes;Crafted; 
Ozpyn BP S1X2;Pistol;BLP;36.3;24;42;11.7;1.850;400;5.850;85.00; ;2.851;56.6;Yes;Looted; 
Ozpyn BP S1X3;Pistol;BLP;36.3;31;51;18.3;2.500;500;7.500;110.00; ;2.873;56.5;Yes;Looted; 
Ozpyn BP S1X4;Pistol;BLP;36.3;48;67;37.3;3.611;821;11.821;175.00; ;2.822;52.8;Yes;Tanhok Trader; 
Ozpyn BPX - P1 (L);Pistol;BLP;17.6;5;68;3.9;0.112;110;1.212;9.25; ;2.867;56.1;Yes;Looted; 
Ozpyn BPX - P2 (L);Pistol;BLP;17.6;6;70;4.9;0.144;131;1.454;12.00; ;2.868;56.2;Yes;Looted; 
Ozpyn BPX - P3 (L);Pistol;BLP;18.7;8;69;6.4;0.188;175;1.938;15.50; ;2.869;56.2;Yes;Looted; 
Ozpyn BPX - P4 (L);Pistol;BLP;18.7;13;70;10.5;0.309;284;3.149;25.50; ;2.869;56.3;Yes;Looted; 
Ozpyn BPX - P5 (L);Pistol;BLP;19.8;16;69;12.8; ;350; ;31.00;108.00%; ;56.3;Yes;Looted; 
Ozpyn BPX - P6 (L);Pistol;BLP;20.9;19;70;15.4;0.447;415;4.597;37.00; ;2.873;56.5;Yes;Looted; 
Ozpyn BPX - P7 (L);Pistol;BLP;20.9;23;67;17.8;0.522;504;5.562;43.00; ;2.874;56.6;Yes;Looted; 
Ozpyn BPX - P8 (L);Pistol;BLP;22.0;28;69;22.4;0.669;610;6.769;55.00;100.00%;2.875;56.7;Yes;Looted; 
Ozpyn BPX - P9 (L);Pistol;BLP;22.0;33;67;25.6;0.757;722;7.977;62.00;110.00%;2.875;56.7;Yes;Looted; 
Ozpyn BPX - P11 (L);Pistol;BLP;23.1;42;69;33.6; ;915; ;83.00; ; ;56.8;Yes;Looted; 
Ozpyn BPX - P12 (L);Pistol;BLP;23.1;49;68;38.6; ;1072; ;93.00; ; ;56.8;Yes;Looted; 
Ozpyn BRS - P1 (L);Rifle;BLP;41.8;6;52;3.6;0.140;131;1.450;11.00; ;2.876;56.7;Yes;Looted; 
Ozpyn BRS - P2 (L);Rifle;BLP;44.0;11;52;6.6;0.248;241;2.658;19.50; ;2.876;56.8;Yes;Looted; 
Ozpyn BRS - P3 (L);Rifle;BLP;46.2;14;52;8.4;0.322;306;3.382;25.00; ;2.877;56.8;Yes;Looted; 
Ozpyn BRS - P4 (L);Rifle;BLP;48.4;17;52;10.2;0.405;370;4.105;32.00; ;2.878;56.9;Yes;Looted; 
Ozpyn BRS - P5 (L);Rifle;BLP;50.6;22;53;13.5; ;480; ;40.00;109.60%; ;57.0;Yes;Looted; 
Ozpyn BRS - P6 (L);Rifle;BLP;52.8;28;53;17.2;0.660;610;6.760;51.00; ;2.879;57.1;Yes;Looted; 
Ozpyn BRS - P7 (L);Rifle;BLP;55.0;30;54;18.8;0.706;653;7.236;56.00;600.00%;2.881;57.2;Yes;Looted; 
Ozpyn BRS - P8 (L);Rifle;BLP;57.2;36;53;22.1;0.822;786;8.682;65.00; ;2.882;57.2;Yes;Looted; 
Ozpyn BRS - P9 (L);Rifle;BLP;59.4;41;54;25.6; ;894; ;74.00; ; ;57.2;Yes;Looted; 
Ozpyn BRS - P11 (L);Rifle;BLP;63.8;56;53;34.4;1.296;1220;13.496;102.00;100.00%;2.884;57.3;Yes;Looted; 
Ozpyn BRS - P12 (L);Rifle;BLP;64.9;60;54;37.5; ;1306; ;110.00; ; ;57.4;Yes;Looted; 
Ozpyn Chon S1X1;Pistol;Laser;24.2;6;67;4.7;0.221;123;1.451;10.00; ;2.874;56.6;Yes;Crafted; 
Ozpyn HK S1X1;Rifle;Laser;71.5;77;42;37.5;3.953;1500;18.953;175.00;2500.00 PED;2.824;53.0;Yes;Tanhok Trader; 
Ozpyn Infused Blade Mk. I (L);Melee;Shortblades;5.0;3;79;2.7; ; ; ;26.00; ; ;58.5;Yes;Looted; 
Ozpyn Infused Blade Mk. II (L);Melee;Shortblades;5.0;4;79;3.7;0.958;0;0.958;34.50; ;2.902;58.7;Yes;Looted; 
Ozpyn Infused Blade Mk. III (L);Melee;Shortblades;5.0;6;80;5.6; ;0; ;52.00; ; ;58.8;Yes;Looted; 
Ozpyn Infused Blade Mk. IV (L);Melee;Shortblades;6.0;10;80;9.3;2.393;0;2.393;86.50; ;2.904;58.9;Yes;Looted; 
Ozpyn Infused Blade Mk. IX (L);Melee;Shortblades;8.0;27;83;26.0; ;0; ;233.00; ; ;59.3;Yes;Looted; 
Ozpyn Infused Blade Mk. V (L);Melee;Shortblades;6.0;14;81;13.1;3.349;0;3.349;121.00; ;2.905;58.9;Yes;Looted; 
Ozpyn Infused Blade Mk. X (L);Melee;Shortblades;8.0;30;84;29.2;7.160;0;7.160;259.00; ;2.912;59.4;Yes;Looted; 
Ozpyn LPX-P1 (L);Pistol;Laser;27.5;4;66;3.1;0.096;87;0.966;8.00; ;2.878;56.9;Yes;Looted; 
Ozpyn LPX-P2 (L);Pistol;Laser;27.5;6;67;4.7;0.149;130;1.449;12.25; ;2.878;56.9;Yes;Looted; 
Ozpyn LPX-P3 (L);Pistol;Laser;27.5;7;67;5.4;0.149;152;1.669;14.00; ;2.915;59.7;Yes;Looted; 
Ozpyn LPX-P4 (L);Pistol;Laser;27.5;11;67;8.5;0.255;240;2.655;21.00; ;2.879;57.0;Yes;Looted; 
Ozpyn LPX-P5 (L);Pistol;Laser;28.6;14;65;10.5;0.359;302;3.379;29.00; ;2.880;57.0;Yes;Looted; 
Ozpyn LPX-P6 (L);Pistol;Laser;28.6;17;67;13.2;0.403;370;4.103;33.00; ;2.880;57.0;Yes;Looted; 
Ozpyn LPX-P7 (L);Pistol;Laser;28.6;20;68;15.8;0.467;436;4.827;38.50;100.00%;2.880;57.0;Yes;Looted; 
Ozpyn LPX-P8 (L);Pistol;Laser;28.6;28;63;20.4;0.677;608;6.757;56.00;100.00%;2.880;57.0;Yes;Looted; 
Ozpyn LPX-P9 (L);Pistol;Laser;29.7;33;63;24.1;0.803;716;7.963;66.00;115.00%;2.880;57.1;Yes;Looted; 
Ozpyn LPX-P10 (L);Pistol;Laser;29.7;40;61;28.3;0.991;866;9.651;81.00; ;2.881;57.1;Yes;Looted; 
Ozpyn LPX-P11 (L);Pistol;Laser;29.7;44;64;32.6;1.094;952;10.614;90.00; ;2.881;57.1;Yes;Looted; 
Ozpyn LPX - P12 (L);Pistol;Laser;29.7;53;61;37.4; ;1142; ;112.00; ; ;57.2;Yes;Looted; 
Ozpyn LR S1X1;Rifle;Laser;60.5;9;51;5.3;0.200;200;2.200;10.00; ;2.843;54.4;Yes;Crafted; 
Ozpyn LR S1X3;Rifle;Laser;78.1;36;44;18.3;0.790;800;8.790;80.00;300.00 PED;2.846;54.6;Yes;Looted; 
Ozpyn LR S1X4;Rifle;Laser;62.7;110;42;53.5;3.000;2380;26.800;1000.00; ;2.853;55.0;Yes;Looted; 
Ozpyn LRS - P1 (L);Rifle;Laser;57.2;6;44;3.1;0.137;131;1.447;10.50; ;2.882;57.2;Yes;Looted; 
Ozpyn LRS - P2 (L);Rifle;Laser;59.4;11;43;5.5;0.252;240;2.652;19.50; ;2.883;57.3;Yes;Looted; 
Ozpyn LRS - P3 (L);Rifle;Laser;62.7;14;43;7.0;0.325;305;3.375;25.00; ;2.883;57.3;Yes;Looted; 
Ozpyn LRS - P4 (L);Rifle;Laser;64.9;19;40;8.8;0.450;413;4.580;34.50;150.00%;2.883;57.3;Yes;Looted; 
Ozpyn LRS - P8 (L);Rifle;Laser;75.9;47;41;22.3;1.100;1022;11.320;85.00; ;2.886;57.5;Yes;Looted; 
Ozpyn LRS - P9 (L);Rifle;Laser;79.2;54;41;25.6; ;1180; ;93.00; ; ;57.5;Yes;Looted; 
Ozpyn LRS - P10 (L);Rifle;Laser;81.4;60;42;29.2;1.440;1302;14.460;110.00; ;2.884;57.6;Yes;Looted; 
Ozpyn RLB S1X1;Melee;Longblades;5.0;76;33;29.1;18.370;0;18.370;900.00; ;2.875;56.7;Yes;Looted; 
Ozpyn RLB S1X2;Melee;Longblades;5.0;86;33;32.9;20.780;0;20.780;1025.00; ;2.876;56.8;Yes;Looted; 
Ozpyn RSB S1X1;Melee;Shortblades;5.0;23;44;11.7;5.600;0;5.600;300.00;180.00 PED;2.854;56.7;Yes;Looted; 
Ozpyn RSB S1X2;Melee;Shortblades;5.0;58;44;29.6;14.014;0;14.014;725.00;475.00 PED;2.876;56.8;Yes;Looted; 
Ozpyn Tempered Sword Mk. I (L);Melee;Longblades;6.0;6;39;2.7;1.442;0;1.442;80.00;100.00%;2.892;57.9;Yes;Looted; 
Ozpyn Tempered Sword Mk. II (L);Melee;Longblades;7.0;11;39;5.0;2.642;0;2.642;95.50; ;2.894;58.1;Yes;Looted; 
Ozpyn Tempered Sword Mk. III (L);Melee;Longblades;7.0;14;40;6.5; ;0; ;122.00; ; ;58.2;Yes;Looted; 
Ozpyn Tempered Sword Mk. IV (L);Melee;Longblades;8.0;18;40;8.3;4.310;0;4.310;156.00;103.44%;2.903;58.2;Yes;Looted; 
Ozpyn Tempered Sword Mk. IX (L);Melee;Longblades;10.0;51;42;24.8; ; ; ;440.00; ; ;59.0;Yes;Looted; 
Ozpyn Tempered Sword Mk. V (L);Melee;Longblades;8.0;23;40;10.7; ;0; ;199.00; ; ;58.3;Yes;Looted; 
Ozpyn Tempered Sword Mk. VI (L);Melee;Longblades;9.0;30;41;14.2; ; ; ;260.00; ; ;58.5;Yes;Looted; 
Ozpyn Tempered Sword Mk. VII (L);Melee;Longblades; ; ; ; ; ; ; ; ; ; ; ;Yes;Looted; 
Ozpyn Tempered Sword Mk. VIII (L);Melee;Longblades;10.0;44;42;21.4; ;0; ;380.00; ; ;58.8;Yes;looted; 
Ozpyn Tempered Sword Mk. X (L);Melee;Longblades;11.0;57;42;27.7; ;0; ;491.00; ; ;59.4;Yes;Looted; 
Ozpyn Tempered Sword Mk. XI (L);Melee;Longblades;11.0;65;43;32.4; ; ; ;559.00; ; ;59.8;Yes;Looted; 
Ozpyn Ying S1X2 (L);Flamethrower;BLP;22.0;28;67;21.7;0.900;590;6.800;30.00; ;2.862;55.7;Yes;Looted; 
Ozpyn Ying S1X3 (L);Flamethrower;BLP;22.0;38;67;29.5; ;800; ;40.00; ; ;56.4;Yes;Looted; 
Ozutsu Ichi (L);Attached;BLP;160.0;74;44;37.7;4.059;1400;18.059;51.00; ;2.848;54.7;Yes;Crafted; 
P.I.G - 1;Rifle;BLP;71.5;43;46;22.9; ;800; ;160.00; ; ;0.0;No; ; 
Philosopher's Sword;Melee;Longblades;8.0;44;56;28.5;10.491;0;10.491;66.00;350.00 PED;2.915;59.7;Yes;Crafted; 
Photonic Mayhem P1 (L);Pistol;Laser;26.4;16;56;10.4;0.190;360;3.790;7.85; ;2.934;61.1;Yes;Looted; 
Photonic Mayhem P2 (L);Pistol;Laser;28.6;30;56;19.5; ;674; ;14.85; ; ;61.3;Yes;Looted; 
Photonic Mayhem P3 (L);Pistol;Laser;30.8;39;56;25.3;0.470;876;9.230;19.40; ;2.937;61.3;Yes;Looted; 
Photonic Mayhem P4 (L);Pistol;Laser;33.0;52;56;33.7;0.620;1168;12.300;25.60;0.00%;2.938;61.4;Yes;Looted; 
Photonic Mayhem P5 (L);Pistol;Laser;35.2;72;56;46.7;0.860;1618;17.040;35.50; ;2.937;61.3;Yes;Looted; 
Photonic Mayhem P6 (L);Pistol;Laser;37.4;92;56;59.7;1.100;2068;21.780;45.40; ;2.936;61.2;Yes;Looted; 
Photonic Mayhem P7 (L);Pistol;Laser;39.6;103;56;66.8; ;2317; ;50.75; ; ;61.1;Yes;Looted; 
Photonic Mayhem R1 (L);Carbine;Laser;55.0;19;44;9.7;0.225;427;4.495;9.30;130.70%;2.938;61.4;Yes;Looted; 
Photonic Mayhem R2 (L);Carbine;Laser;57.2;33;44;16.8;0.400;741;7.810;16.50;300.00%;2.937;61.3;Yes;Looted; 
Photonic Mayhem R3 (L);Carbine;Laser;59.4;46;44;23.4;0.550;1034;10.890;22.70;170.70%;2.936;61.2;Yes;Looted; 
Photonic Mayhem R4 (L);Carbine;Laser;61.6;58;44;29.6;0.700;1303;13.730;28.90;149.78%;2.936;61.2;Yes;Looted; 
Photonic Mayhem R5 (L);Carbine;Laser;63.8;80;44;40.8; ;1797; ;39.60; ; ;61.3;Yes;Looted; 
Photonic Mayhem R6 (L);Carbine;Laser;66.0;106;44;54.0;1.260;2384;25.100;52.00; ;2.935;61.2;Yes;Looted; 
Photonic Mayhem R7 (L);Carbine;Laser;77.0;122;44;62.2;1.540;2742;28.960;60.25; ;2.928;61.3;Yes;Looted; 
Pickaxe PA-22 (L);Melee;Clubs;5.0;39;65;29.4;9.243;0;9.243;100.00; ;2.932;61.0;Yes;Looted; 
Pickaxe PA-27 (L);Melee;Clubs;5.0;45;65;33.9;10.665;0;10.665;225.00; ;2.932;61.0;Yes;Looted; 
Pickaxe PA-32 (L);Melee;Clubs;5.0;50;65;37.6; ;0; ;250.00; ; ;61.2;Yes;Looted; 
Pickaxe PA-37 (L);Melee;Clubs;5.0;53;67;41.1; ;0; ;270.00; ; ;61.2;Yes;Looted; 
Pilot Pistol Rank 1 (L);Pistol;Laser;22.0;3;67;2.3;0.283;44;0.723;12.00;125.00%;2.884;57.3;Yes;Looted; 
Pilot Pistol Rank 3 (L);Pistol;Laser;26.4;7;74;6.0; ;70; ;45.00; ; ;57.3;Yes;Looted; 
Piron PBP-0 (L);Pistol;BLP;35.2;4;75;3.5;0.128;84;0.968;1.40;217.00%;2.872;56.5;Yes;Looted; 
Piron PBP-2 (L);Pistol;BLP;33.0;5;85;4.9;0.049;116;1.209;5.10;113.00%;2.874;56.6;Yes;Looted; 
Piron PBP-7 (L);Pistol;BLP;33.0;13;85;12.8;0.126;301;3.136;8.70; ;2.881;57.1;Yes;Looted; 
Piron PBP-10;Pistol;BLP;33.0;23;68;18.1;1.620;493;6.550;85.00;500.00 PED;2.440;28.8;Yes;Looted; 
Piron PBP-12 (L);Pistol;BLP;33.0;20;85;19.7;0.194;464;4.834;20.00; ;2.875;56.7;Yes;Looted; 
Piron PBP-15;Pistol;BLP;33.0;40;58;26.9;2.858;857;11.428;148.00; ;2.433;28.8;Yes;Looted; 
Piron PBP-17 (L);Pistol;BLP;33.0;25;85;24.6;0.242;580;6.042;25.00;113.91%;2.876;56.7;Yes;Looted; 
Piron PBP-20;Pistol;BLP;33.0;59;48;32.8;4.122;1264;16.762;215.00; ;2.446;29.5;Yes;Looted; 
Piron PBP-22 (L);Pistol;BLP;33.0;30;85;29.5;0.290;696;7.250;30.00; ;2.876;56.7;Yes;Looted; 
Piron PBP-25;Pistol;BLP;33.0;80;38;35.2;5.650;1666;22.310;295.00;205.00 PED;2.492;32.0;Yes;Looted; 
Piron PBP-27 (L);Pistol;BLP;33.0;35;85;34.5;0.339;812;8.459;35.00;83000.00%;2.876;56.7;Yes;Looted; 
Piron PBP-32 (L);Pistol;BLP;33.0;39;85;38.4;0.378;905;9.428;39.00; ;2.875;56.7;Yes;Looted; 
Piron PBP-37 (L);Pistol;BLP;33.0;43;85;42.3;0.416;998;10.396;43.00; ;2.875;56.7;Yes;Looted; 
Piron PBP-42 (L);Pistol;BLP;35.2;52;76;45.8;1.264;1130;12.564;113.00;110.00%;2.876;56.8;Yes;Looted; 
Piron PBP-47 (L);Pistol;BLP;35.2;56;76;49.3;1.330;1217;13.500;128.50;0.00%;2.883;56.8;Yes;Looted; 
Piron PBP-52 (L);Pistol;BLP;35.2;60;76;52.8;1.457;1304;14.497;137.50; ;2.876;56.8;Yes;Looted; 
Piron PBP-57 (L);Pistol;BLP;35.2;63;76;55.5;1.541;1368;15.221;153.00; ;2.877;56.8;Yes;Looted; 
Piron PBP-62 (L);Pistol;BLP;35.2;68;74;58.3;1.660;1477;16.430;181.00; ;2.876;56.8;Yes;Looted; 
Piron PBR-0 (L);Rifle;BLP;65.0;4;65;3.0;0.138;83;0.968;2.16;0.00%;2.872;56.5;Yes;Looted; 
Piron PBR-2 (L);Rifle;BLP;55.0;8;55;5.1;0.084;185;1.934;8.70; ;2.875;56.7;Yes;Looted; 
Piron PBR-7 (L);Rifle;BLP;55.0;20;55;12.7;0.205;475;4.955;21.20; ;2.805;51.7;Yes;Looted; 
Piron PBR-10;Rifle;BLP;66.0;27;59;18.5;1.923;579;7.713;100.00;300.00 PED;2.433;28.8;Yes;Looted; 
Piron PBR-12 (L);Rifle;BLP;55.0;31;55;19.7;0.302;719;7.492;31.20; ;2.876;56.7;Yes;Looted; 
Piron PBR-15;Rifle;BLP;77.0;47;49;26.7;3.358;1007;13.428;175.00;458.66 PED;2.433;28.8;Yes;Looted; 
Piron PBR-17 (L);Rifle;BLP;55.0;39;55;24.8;0.385;904;9.425;40.00; ;2.876;56.7;Yes;Looted; 
Piron PBR-20;Rifle;BLP;88.0;75;39;33.9;5.358;1607;21.428;280.00;1300.00 PED;2.433;28.8;Yes;Looted; 
Piron PBR-22 (L);Rifle;BLP;55.0;47;55;29.9;0.459;1090;11.359;47.50; ;2.876;56.7;Yes;Looted; 
Piron PBR-25;Rifle;BLP;55.0;90;33;34.4;6.250;1875;25.000;320.00; ;2.502;32.6;Yes;Looted; 
Piron PBR-27 (L);Rifle;BLP;55.0;54;55;34.4;0.530;1252;13.050;55.00; ;2.876;56.7;Yes;Looted; 
Piron PBR-32 (L);Rifle;BLP;55.0;61;55;38.9;0.592;1415;14.742;61.10; ;2.876;56.7;Yes;Looted; 
Piron PBR-37 (L);Rifle;BLP;55.0;67;55;42.7;0.652;1554;16.192;67.50; ;2.876;56.7;Yes;Looted; 
Piron PBR-42 (L);Rifle;BLP;65.0;70;56;45.4;1.703;1521;16.913;186.00; ;2.876;56.8;Yes;Looted; 
Piron PBR-47 (L);Rifle;BLP;65.0;75;56;48.7;1.831;1629;18.121;218.00; ;2.876;56.8;Yes;Looted; 
Piron PBR-52 (L);Rifle;BLP;65.0;80;56;51.9;1.949;1738;19.329;232.50;127.00%;2.877;56.8;Yes;Looted; 
Piron PBR-57 (L);Rifle;BLP;65.0;85;56;55.1; ;1847; ;246.50; ; ;56.8;Yes;Looted; 
Piron PBR-62 (L);Rifle;BLP;65.0;90;56;58.4;2.200;1954;21.740;307.00; ;2.877;56.8;Yes;Looted; 
Piron PLP-0 (L);Pistol;Laser;34.0;4;72;3.3;0.128;84;0.968;1.40;0.00%;2.872;56.5;Yes;Looted; 
Piron PLP-2 (L);Pistol;Laser;35.2;6;74;5.1;0.059;139;1.449;6.10; ;2.878;56.9;Yes;Looted; 
Piron PLP-7 (L);Pistol;Laser;35.2;15;74;12.9;0.145;348;3.625;15.00; ;2.876;56.7;Yes;Looted; 
Piron PLP-12 (L);Pistol;Laser;35.2;23;74;19.7;0.223;533;5.553;23.00; ;2.879;56.9;Yes;Looted; 
Piron PLP-15;Pistol;Laser;39.6;45;50;26.1; ;964; ;166.00; ; ;28.8;Yes;Looted; 
Piron PLP-17 (L);Pistol;Laser;35.2;29;74;24.9;0.281;673;7.011;29.00; ;2.875;56.7;Yes;Looted; 
Piron PLP-20;Pistol;Laser;39.6;73;40;33.8;5.216;1564;20.856;270.00; ;2.433;28.8;Yes;Looted; 
Piron PLP-22 (L);Pistol;Laser;35.2;35;74;30.0;0.339;812;8.459;35.00; ;2.876;56.7;Yes;Looted; 
Piron PLP-27 (L);Pistol;Laser;35.2;41;73;34.7;0.397;951;9.907;41.00; ;2.876;56.8;Yes;Looted; 
Piron PLP-32 (L);Pistol;Laser;35.2;45;74;38.6;0.436;1044;10.876;45.00; ;2.876;56.7;Yes;Looted; 
Piron PLP-37 (L);Pistol;Laser;35.2;51;72;42.5;0.494;1183;12.324;51.00; ;2.876;56.8;Yes;Looted; 
Piron PLP-42 (L);Pistol;Laser;34.0;57;70;46.2;1.400;1237;13.770;133.50;2793.00%;2.877;56.7;Yes;Looted; 
Piron PLP-47 (L);Pistol;Laser;34.0;61;70;49.5;1.502;1324;14.742;156.50; ;2.876;56.7;Yes;Looted; 
Piron PLP-52 (L);Pistol;Laser;34.0;64;71;52.6;1.586;1388;15.466;165.50; ;2.876;56.8;Yes;Looted; 
Piron PLP-57 (L);Pistol;Laser;34.0;68;71;55.9;1.683;1475;16.433;176.00;0.00%;2.876;56.7;Yes;Looted; 
Piron PLP-62 (L);Pistol;Laser;34.0;72;71;59.2;1.790;1561;17.400;182.50; ;2.876;56.7;Yes;Looted; 
Piron PLR-0 (L);Carbine;Laser;72.2;4;61;2.8;0.138;83;0.968;2.16; ;2.872;56.5;Yes;Looted; 
Piron PLR-2 (L);Carbine;Laser;57.2;10;45;5.2;0.097;232;2.417;10.00;120.00%;2.875;56.7;Yes;Looted; 
Piron PLR-7 (L);Carbine;Laser;57.2;25;45;13.0;0.242;580;6.042;25.00;130.00%;2.876;56.7;Yes;Looted; 
Piron PLR-10;Carbine;Laser; ;31;52;18.7;2.781;664;9.421;115.00;0.00 PED;2.287;28.8;Yes;Looted; 
Piron PLR-12 (L);Carbine;Laser;57.2;38;45;19.8;0.374;881;9.184;38.60; ;2.876;56.7;Yes;Looted; 
Piron PLR-17 (L);Carbine;Laser;57.2;48;45;25.0;0.470;1113;11.600;48.50;105.00%;2.876;56.7;Yes;Looted; 
Piron PLR-22 (L);Carbine;Laser;57.2;58;45;30.2;0.567;1345;14.017;58.50; ;2.876;56.7;Yes;Looted; 
Piron PLR-27 (L);Carbine;Laser;57.2;65;46;34.6;0.706;1492;15.626;73.00; ;2.891;57.9;Yes;Looted; 
Piron PLR-32 (L);Carbine;Laser;57.2;74;45;38.6;0.724;1716;17.884;75.00; ;2.876;56.7;Yes;Looted; 
Piron PLR-37 (L);Carbine;Laser;57.2;80;46;42.6;0.825;1847;19.295;85.50; ;2.882;57.2;Yes;Looted; 
Piron PLR-42 (L);Carbine;Laser;72.2;87;46;46.4;2.155;1887;21.025;244.00; ;2.876;56.7;Yes;Looted; 
Piron PLR-47 (L);Carbine;Laser;72.2;94;46;50.1;2.326;2039;22.716;293.50; ;2.876;56.8;Yes;Looted; 
Piron PLR-52 (L);Carbine;Laser;72.2;97;47;52.8;2.402;2104;23.442;303.50;120.00%;2.876;56.8;Yes;Looted; 
Piron PLR-57 (L);Carbine;Laser;72.2;108;44;55.0;2.670;2343;26.100;372.00; ;2.876;56.7;Yes;Looted; 
Piron PLR-62 (L);Carbine;Laser;72.2;116;44;59.1;2.873;2516;28.033;456.00; ;2.876;56.7;Yes;Looted; 
Pistol (SA) (L);Pistol;BLP;28.6;2;34;0.8;0.081;41;0.491;0.14; ;2.831;53.5;Yes;TT HTT; 
Plasma Kyller;Pistol;Plasma;49.5;24;17;4.7;0.080;600;6.080;18.50; ;2.743;48.0;No;Crafted; 
Plasma Kyller Zwei;Pistol;Plasma;55.0;56;19;12.3;0.800;1300;13.800;53.50; ;2.820;52.7;No;Crafted; 
PlasTorch 1 (L);Rifle;BLP;28.6;3;61;2.1;0.065;66;0.725;4.00; ;2.876;56.7;Yes;Looted; 
PlasTorch 2 (L);Rifle;BLP;28.6;6;61;4.2;0.130;132;1.450;8.00; ;2.876;56.7;Yes;Looted;EOT: Burn 2.0sec 30% damage
PlasTorch 3 (L);Rifle;BLP;28.6;10;61;7.1;0.280;215;2.430;18.00;142.00%;2.860; ;Yes;Looted; 
PlasTorch 4 (L);Rifle;BLP;28.6;15;61;10.6; ;318; ;28.00; ; ;56.5;Yes;Looted; 
PlasTorch 5 (L);Rifle;BLP;28.6;20;61;14.1; ;418; ;40.00; ; ;56.5;Yes;Looted; 
Poison Purple Star Stunna (L);Rifle;BLP;22.0;22;83;21.2; ;429; ;25.00; ; ;57.8;Yes;Token Trader;Deceleration 100% duration 0.3s
Poison Purple Turrelion Spec Flamebather (L);Flamethrower;BLP;16.5;44;83;42.3; ;958; ;25.00; ; ;57.8;Yes;Token Trader;Burn 60% of Damage 3.0sec
Poison Purple Xent Tech Freeze Ray (L);Rifle;BLP;71.5;58;22;14.8; ;1295; ;25.00; ; ;57.8;Yes;Token Trader;45% Deceleration on hit 4.0sec
Porcupine MAP-13 (L);Attached;BLP;130.0;53;67;41.1;3.743;1020;13.943;33.00; ;2.642;54.6;Yes;Crafted; 
Prosecutor M5 (L);Rifle;BLP;44.0;19;42;9.2;0.968;371;4.678;44.00; ;2.823;54.0;Yes;Crafted; 
Prosecutor M13 (L);Rifle;BLP;59.4;45;40;20.9; ;899; ;118.00; ; ;54.6;Yes;Crafted; 
Prosecutor M15 (L);Rifle;BLP;55.0;57;51;33.7;4.010;1000;14.010;267.00; ;2.828;53.3;Yes;Crafted; 
Prosecutor M35;Rifle;BLP;53.9;67;53;41.1;4.689;1200;16.689;14734.00; ;2.790;50.6;Yes;Crafted; 
Prosecutor M35 (L);Rifle;BLP;53.9;67;53;41.1;4.439;1200;16.439;332.00;126.00%;2.833;53.6;Yes;Crafted; 
Prosecutor M45 (L);Rifle;BLP;58.3;71;52;42.8;4.589;1300;17.589;352.00; ;2.805;51.8;Yes;Crafted; 
Prosecutor M76 Turbo (L);Rifle;BLP; ; ; ; ; ; ; ; ; ; ; ;Yes;Crafted; 
Prototype MAKO Smuggler;Melee;Longblades;7.0;325;110;414.1;70.712;0;70.712;50.00; ;3.194; ;No;Official; 
Prototype Rocket Launcher XXX (L);Support;Rocket;130.0;396;111;509.2; ;800; ;214.00; ; ;54.4;Yes;Event; 
Pure White Star Stunna (L);Rifle;BLP;22.0;22;83;21.2; ;429; ;25.00; ; ;57.8;Yes;Token Trader;Deceleration 100% duration 0.1s
Pure White Sticky Laucher (L);Support;Grenade;131.9;35;37;15.0; ;742; ;25.00; ; ;57.7;Yes;Token Trader;18% Deceleration on hit
Pure White Turrelion Spec Flamebather (L);Flamethrower;BLP;16.5;44;83;42.3; ;958; ;25.00; ; ;57.8;Yes;Token Trader;Burn 50% of Damage 3.0sec
Pure White Xent Tech Freeze Ray (L);Rifle;BLP;71.5;58;22;14.8; ;1295; ;25.00; ; ;57.8;Yes;Token Trader;34% Deceleration on hit 4.0sec
Purple Poison Sticky Laucher (L);Support;Grenade;131.9;35;37;15.0; ;742; ;25.00; ; ;57.7;Yes;Token Trader;30% Deceleration on hit
Qataal GutOpen (L);Melee;Longblades;9.0;36;44;18.3; ;0; ;80.00; ; ;56.9;Yes;Crafted; 
Qataal SlayWay (L);Melee;Longblades;9.0;57;44;29.1; ;0; ;100.00; ; ;53.3;Yes;Crafted; 
Queen's Sceptre;Melee;Clubs;6.0;82;37;35.1;19.603;0;19.603;213.00; ;2.907;59.1;Yes;Event; 
Ranked Combat Knife;Melee;Shortblades;4.0;50;67;38.8;12.185;0;12.185;700.00; ;2.852;55.1;Yes;Looted; 
Ranked FlameThrower;Flamethrower;BLP;16.5;50;67;38.8;2.108;1000;12.108;150.00;13000.00 PED;2.870;56.3;Yes;Looted; 
Ranked HK1750;Carbine;Laser;66.0;70;48;38.9;2.000;1505;17.050;125.00;9000.00 PED;2.853;55.1;Yes;Looted; 
Ranked Psy-Blade;Melee;Power Fist;4.5;70;48;38.9;17.050;0;17.050;950.00; ;2.853;55.1;Yes;Looted; 
Ranked Psy-Sword;Melee;Longblades;5.0;100;33;38.2;24.360;0;24.360;1250.00; ;2.853;55.1;Yes;Looted; 
Ranked Scorpion;Pistol;Laser;37.4;60;67;46.6;2.000;1260;14.600;125.00; ;2.856;55.3;Yes;Looted; 
Ravenger Mini-Sweeper V1;Rifle;BLP;55.0;45;60;31.3;0.290;1100;11.290;130.00;5000.00 PED;2.770;49.1;No;Looted; 
Ravenger Mini-Sweeper V1, Adjusted;Rifle;BLP;55.0;67;75;58.2;1.100;1500;16.100;600.00; ;2.892;58.0;No;Looted; 
Ravenger Mini-Sweeper V1, Adjusted, SGA Edition;Rifle;BLP;66.0;67;75;58.2;1.100;1500;16.100;600.00; ;2.892;58.0;No;Looted; 
Ravenger Mini-Sweeper V1, Adjusted, TWEN Edition;Rifle;BLP;55.0;67;83;64.4;0.990;1350;14.490;600.00; ;3.214;78.0;No;Looted; 
Ravenger Mini-Sweeper V2;Rifle;BLP;60.5;58;67;45.0;0.100;1400;14.100;200.00;2600.00 PED;2.859;55.5;No;Looted; 
Ravenger Mini-Sweeper V3, Improved (L);Rifle;BLP;60.5;64;83;61.5;0.100;1478;14.880;42.00; ;2.989;65.4;Yes;Looted; 
RayGun (L);Pistol;Laser;26.4;5;70;4.1;0.020;118;1.200;3.00; ;2.896;58.2;Yes;TT RT; 
Red Scorpion (L);Pistol;Laser;29.7;7;86;7.0; ;82; ;375.00; ; ;56.3;Yes;Looted; 
Redstar Smasher Alpha (L);Melee;Clubs;5.0;8;24;2.2;1.928;0;1.928;80.00; ;2.884;57.3;Yes;Looted; 
Redstar Smasher Gamma (L);Melee;Clubs; ; ; ; ; ; ; ; ; ; ; ;Yes;Looted; 
Redux ZK1 (L);Rifle;BLP;41.8;6;52;3.6;0.140;131;1.450;11.00; ;2.876;56.7;Yes;Looted; 
Redux ZK2 (L);Rifle;BLP;44.0;11;52;6.6;0.249;241;2.659;19.50; ;2.875;56.8;Yes;Looted; 
RepEdge Battle Axe 1x0;Melee;Axes;5.0;24;38;10.6;5.600;0;5.600;7.00;200.00 PED;2.979;64.6;No;Looted; 
RepEdge Battle Axe 1x0, SGA Edition;Melee;Axes;6.0;25;38;11.0; ;0; ;7.00;3000.00 PED; ;64.6;No;Looted; 
RepEdge Battle Axe 2x0;Melee;Axes;5.0;36;33;13.8;8.200;0;8.200;28.00;46.00 PED;3.051;70.4;No;Looted; 
RepEdge Battle Axe 2x0, SGA Edition;Melee;Axes;6.0;37;33;14.1;8.428;0;8.428;28.00;3500.00 PED;3.051;70.4;No;Looted; 
RepEdge Battle Axe 3x0;Melee;Axes;5.0;56;33;21.4;13.400;0;13.400;87.00; ;2.904;58.9;No;Looted; 
RepEdge Battle Axe 3x0, SGA Edition;Melee;Axes;6.0;57;33;21.8; ;0; ;87.00; ; ;58.9;No;Looted; 
RepEdge Battle Axe 4x0;Melee;Axes;5.0;89;30;30.9;21.700;0;21.700;102.00; ;2.850;54.9;No;Looted; 
RepEdge Battle Axe 4x0, SGA Edition;Melee;Axes;6.0;90;30;31.3;21.810;0;21.810;102.00; ;2.868;56.2;No;Looted; 
RepEdge Battle Axe 5x0;Melee;Axes;5.0;95;27;29.7;23.000;0;23.000;189.00; ;2.871;56.2;No;Looted; 
Researchers' Knife (L);Melee;Shortblades;8.0;56;44;28.5; ;0; ;34.00; ; ;56.7;Yes;Crafted; 
Riker UL1;Carbine;Laser;59.4;23;34;9.1;1.734;400;5.734;2854.00; ;2.788;50.3;Yes;Looted; 
Riker UL1 (L);Carbine;Laser;59.4;23;34;9.1;1.639;400;5.639;72.10; ;2.835;53.8;Yes;Looted; 
Riker UL2;Carbine;Laser;68.2;26;35;10.5;1.439;500;6.439;3646.00; ;2.806;51.7;Yes;Looted; 
Riker UL2 (L);Carbine;Laser;68.2;26;35;10.5;1.328;500;6.328;98.80; ;2.856;55.3;Yes;Looted; 
Riker UL3;Carbine;Laser;62.7;32;35;13.0;1.953;600;7.953;4240.00; ;2.796;51.0;Yes;Looted; 
Riker UL3 (L);Carbine;Laser;62.7;32;35;13.0;1.817;600;7.817;135.00; ;2.845;54.5;Yes;Looted; 
Riker UL3, Modified (L);Carbine;Laser;62.7;33;35;13.4; ;600; ;4344.00; ; ; ;Yes;Looted; 
Rip M6600 (L);Pistol;Laser;31.9;96;57;63.4;3.212;2000;23.212;468.00; ;2.874;56.6;Yes;Looted; 
Rip M6600, Adjusted;Pistol;Laser;31.9;98;58;65.8;3.859;2000;23.859;20304.00; ;2.855;55.2;Yes;Event; 
Rip M6600, Improved (L);Pistol;Laser;31.9;99;60;68.8;3.371;2000;23.371;2579.00; ;2.944;61.9;Yes;Looted; 
Rip M6600, Modified;Pistol;Laser;30.8;101;60;70.2;3.914;2000;23.914;19802.00; ;2.935;61.2;Yes;Looted; 
RIP M770 (L);Pistol;Laser;35.2;86;70;69.7;1.660;1850;20.160;240.00; ;2.965;63.5;Yes;Looted; 
RIP M7700 CDF Edition (L);Pistol;Laser;35.2;86;70;69.7;0.005;2016;20.165;1.00; ;2.964;63.4;Yes;Daily Token Trader; 
RMG Diplomat 1 (L);Rifle;BLP;26.4;20;51;11.8;1.179;373;4.909;29.00; ;2.832;53.5;Yes;Looted; 
RMG Diplomat 4 (L);Rifle;BLP;49.5;41;53;25.2; ;765; ;69.50; ; ; ;Yes;Looted; 
RMG Diplomat 5 (L);Rifle;BLP;52.8;49;53;30.1;2.891;915;12.041;83.00; ;2.828;53.3;Yes;Looted; 
Road Crew Axe;Melee;Axes;5.0;8;41;3.8;1.906;0;1.906;9.00;0.00 PED;2.917;59.8;Yes;Looted; 
Road Crew Axe (L);Melee;Axes;5.0;8;42;3.9;1.880;0;1.880;9.00;933.00%;2.957;62.9;Yes;Looted; 
Road Crew Axe (L) Classic;Melee;Axes;6.0;8;44;4.1; ;0; ;39.00; ; ;66.4;Yes;Looted; 
Road Crew Axe (L) Custom;Melee;Axes;6.0;8;42;3.9; ;0; ;31.00; ; ;64.6;Yes;Looted; 
Road Crew Axe (L) Legendary;Melee;Axes;7.0;8;45;4.2; ;0; ;63.00; ; ;68.1;Yes;Looted; 
Rock n Roll Axe (L);Melee;Axes;5.0;28;39;12.6;6.642;0;6.642;58.00; ;2.930;60.8;Yes;Looted; 
Rock n Roll Axe (L) Brutal;Melee;Axes;5.0;38;37;16.3;9.025;0;9.025;79.50;1238.00%;2.926;60.5;Yes;Looted; 
Rusty Pirates Pistol (L);Pistol;BLP;20.9;19;70;15.4;0.447;415;4.597;37.00; ;2.873;56.5;Yes;Looted; 
