Name;Class;Type;MF Level;Range;Weight;Damage;Impact Radius;Attacks;Reload;Dmg/sec;Power;Decay;Ammo;Cost;Max.TT;Min.TT;Markup;Eff.Markup;Total Uses;Cost/sec;Dmg/PEC;Efficiency;Stb;Cut;Imp;Pen;Shr;Brn;Cld;Acd;Elc;SIB;Amplifier;Ammo;Concentration;Cooldown;Cooldown Group;Hit Profession;Rec.;Maxed;Damage Profession;Rec.;Maxed;Source;Discovered;Found on;Personal effects
Rusty Shank 4 (L);Melee;Shortblades; ;6.0;0.5;10;0;80;0.8;9.3;55.6; ;0; ;86.00;2.58; ; ; ; ; ;58.9;4;6;0;0;0;0;0;0;0;Yes; ;; ; ; ;Knifefighter (Hit);4; ;Knifefighter (Dmg);4; ;Looted;15.2.0;ROCKtropia; 
Rusty Shank 5 (L);Melee;Shortblades; ;6.0;0.5;14; ;81;0.7;13.1;78.8;3.349;0;3.349;121.00; ; ;1.0;3614;4.52;2.905;58.9;6;8;0;0;0;0;0;0;0;Yes;Melee Amp;; ; ; ;Knifefighter (Hit);6; ;Knifefighter (Dmg);6; ;Looted;15.2.0;ROCKtropia; 
Rusty Shank 6 (L);Melee;Shortblades; ;6.0;0.5;16;0;81;0.7;15.0;90.1; ;0; ;138.00; ; ; ; ; ; ;59.0;7;9;0;0;0;0;0;0;0;Yes; ;; ; ; ;Knifefighter (Hit);8; ;Knifefighter (Dmg);8; ;Looted;15.2.1;ROCKtropia; 
Rusty Shank (L);Melee;Shortblades; ;4.0;0.5;15; ;44;1.4;7.6;30.6;3.650;0;3.650;24.00; ; ;1.0;658;2.68;2.856;55.3;15;0;0;0;0;0;0;0;0;Yes;Melee Amp;; ; ; ;Knifefighter (Hit);3; ;Knifefighter (Dmg);3; ;Crafted, Looted;;ROCKtropia; 
Rutic Bett;Melee;Longblades; ;5.0;3.3;99; ;34;1.8;39.0;194.9;24.270;0;24.270;10496.00;314.88; ;1.0;41950;13.75;2.835;53.8;15;84;0;0;0;0;0;0;0;Yes;Melee Amp;; ; ; ;Swordsman (Hit);26;30;Swordsman (Dmg);26;30;Crafted;;Planet Calypso; 
Rutic Bett (L);Melee;Longblades; ;5.0;3.3;99;0;34;1.8;39.0;194.9;24.000;0;24.000;1590.00;47.70; ;1.0;6427;13.60;2.867;56.1;15;84;0;0;0;0;0;0;0;Yes;Melee Amp;; ; ; ;Swordsman (Hit);26;30;Swordsman (Dmg);26;30;Crafted;;Planet Calypso; 
Rutic Blix (L);Melee;Longblades; ;5.0;3.2;91;0;34;1.8;35.8;179.2;22.020;0;22.020;1430.00;42.90; ;1.0;6300;12.48;2.872;56.7;14;77;0;0;0;0;0;0;0;Yes;Melee Amp;; ; ; ;Swordsman (Hit);22;26;Swordsman (Dmg);22;26;Crafted;;Planet Calypso; 
Rutic Kil (L);Melee;Longblades; ;5.0;3.3;70;0;32;1.9;25.9;129.7;17.000;0;17.000;1030.00;30.90;113.86%;1.0;5878;9.07;2.862;55.6;11;59;0;0;0;0;0;0;0;Yes;Melee Amp;; ; ; ;Swordsman (Hit);14;18;Swordsman (Dmg);14;18;Crafted;;Planet Calypso; 
Rutic Slo;Melee;Longblades; ;5.0;3.2;39;0;30;2.0;13.6;67.8;9.506;0;9.506;2576.00;77.28; ;1.0;26286;4.75;2.851;55.0;6;33;0;0;0;0;0;0;0;Yes;Melee Amp;; ; ; ;Swordsman (Hit);6;10;Swordsman (Dmg);6;10;Crafted;9.2.3;Planet Calypso; 
Rutic Slo (L);Melee;Longblades; ;5.0;3.2;39;0;30;2.0;13.6;67.8;9.397;0;9.397;590.00;17.70;106.22%;1.0;6091;4.70;2.884;57.3;6;33;0;0;0;0;0;0;0;Yes;Melee Amp;; ; ; ;Swordsman (Hit);6;10;Swordsman (Dmg);6;10;Crafted;;Planet Calypso; 
S & B Ardenner 0 (L);Rifle;BLP; ;41.8;1;6; ;52;1.2;3.6;151.1;0.140;131;1.450;11.00;0.33; ;1.0;7622;1.26;2.876;56.7;0;0;2;4;0;0;0;0;0;Yes;BLP Amp;BLP Pack; ; ; ;BLP Sniper (Hit);0; ;Ranged BLP (Dmg);0; ;Looted;;Planet Arkadia; 
S & B Ardenner 2 (L);Rifle;BLP; ;44.0;1;11;0;52;1.2;6.6;291.5;0.248;241;2.658;19.50;0.585; ;1.0;7628;2.30;2.876;56.8;0;0;4;7;0;0;0;0;0;Yes;BLP Amp;BLP Pack; ; ; ;BLP Sniper (Hit);2; ;Ranged BLP (Dmg);2; ;Looted;Planet Arkadia 2015.1;Planet Arkadia; 
S & B Ardenner 3 (L);Rifle;BLP; ;46.2;1;14; ;52;1.2;8.4;389.6;0.322;306;3.382;25.00;0.75; ;1.0;7532;2.93;2.877;56.8;0;0;5;9;0;0;0;0;0;Yes;BLP Amp;BLP Pack; ; ; ;BLP Sniper (Hit);3; ;Ranged BLP (Dmg);3; ;Looted;;Planet Arkadia; 
S & B Ardenner 4 (L);Rifle;BLP; ;48.4;1;17;0;52;1.2;10.2;495.6;0.405;370;4.105;32.00;0.96;110.00%;1.0;7665;3.56;2.878;56.9;0;0;6;11;0;0;0;0;0;Yes;BLP Amp;BLP Pack; ; ; ;BLP Sniper (Hit);4;9;Ranged BLP (Dmg);4;9;Looted;;Planet Arkadia; 
S & B Ardenner 6 (L);Rifle;BLP; ;50.6;1;22; ;53;1.1;13.5;683.4;0.510;480;5.310;40.00;1.20; ;1.0;7608;4.69;2.879;57.0;0;0;8;14;0;0;0;0;0;Yes;BLP Amp;BLP Pack; ; ; ;BLP Sniper (Hit);6; ;Ranged BLP (Dmg);6; ;Looted;;Planet Arkadia; 
S & B Ardenner 8 (L);Rifle;BLP; ;52.8;1;28; ;53;1.1;17.2;907.6;0.656;610;6.756;51.00;1.53;105.00%;1.0;7542;5.97;2.880;57.1;0;0;10;18;0;0;0;0;0;Yes;BLP Amp;BLP Pack; ; ; ;BLP Sniper (Hit);8; ;Ranged BLP (Dmg);8; ;Looted;;Planet Arkadia; 
S & B Ardenner 10 (L);Rifle;BLP; ;55.0;1;30;0;54;1.1;18.8;1032.1;0.868;653;7.398;56.00;1.68;105.20%;1.0;6259;6.66;2.818;57.2;0;0;10;20;0;0;0;0;0;Yes;BLP Amp;BLP Pack; ; ; ;BLP Sniper (Hit);10; ;Ranged BLP (Dmg);10; ;Looted;15.2.0;Planet Arkadia; 
S & B Ardenner 13 (L);Rifle;BLP; ;57.2;1;36; ;53;1.1;22.1;1264.2;0.822;786;8.682;65.00;1.95; ;1.0;7671;7.67;2.882;57.2;0;0;12;24;0;0;0;0;0;Yes;BLP Amp;BLP Pack; ; ; ;BLP Pistoleer (Hit);13;18;Ranged BLP (Dmg);13;18;Looted;15.4;Planet Arkadia; 
S & B Ardenner 16 (L);Rifle;BLP; ;59.4;1;41; ;54;1.1;25.6;1523.3;0.947;894;9.887;74.00;2.22;105.40%;1.0;7580;8.90;2.882;57.2;0;0;13;28;0;0;0;0;0;Yes;BLP Amp;BLP Pack; ; ; ;BLP Sniper (Hit);16; ;Ranged BLP (Dmg);16; ;Looted;;Planet Arkadia; 
S & B Ardenner 20 (L);Rifle;BLP; ;61.6;1;47; ;54;1.1;29.4;1810.9;1.050;1028;11.330;82.50;2.475; ;1.0;7622;10.20;2.883;57.3;0;0;15;32;0;0;0;0;0;Yes;BLP Amp;BLP Pack; ; ; ;BLP Sniper (Hit);20; ;Ranged BLP (Dmg);20; ;Looted;;Planet Arkadia; 
S & B Ardenner 25 (L);Rifle;BLP; ;63.8;1;56;0;53;1.1;34.4;2193.4;1.296;1220;13.496;102.00;3.06;106.80%;1.0;7635;11.92;2.884;57.3;0;0;18;38;0;0;0;0;0;Yes;BLP Amp;BLP Pack; ; ; ;BLP Sniper (Hit);25; ;Ranged BLP (Dmg);25; ;Looted;15.2.0;Planet Arkadia; 
S & B Ardenner 28;Rifle;BLP; ;61.6;1;47; ;54;1.1;29.4;1810.9;1.050;1028;11.330; ; ; ;1.0;0;10.20;2.883;57.3;0;0;0;0;0;0;0;0;0;Yes;BLP Amp;BLP Pack; ; ; ;BLP Sniper (Hit);28; ;Ranged BLP (Dmg);28; ;Event;;Planet Arkadia; 
S & B Ardenner 30 (L);Rifle;BLP; ;64.9;1;60; ;53;1.1;36.8;2390.6;1.392;1306;14.452;110.00;3.30; ;1.0;7666;12.77;2.885;57.4;0;0;20;40;0;0;0;0;0;Yes;BLP Amp;BLP Pack; ; ; ;BLP Sniper (Hit);30; ;Ranged BLP (Dmg);30; ;Looted;;Planet Arkadia; 
S & B Ardenner 36;Rifle;BLP; ;64.9;1;60; ;53;1.1;36.8;2390.6;1.392;1306;14.452;110.00;3.30; ;1.0;7666;12.77;2.885;57.4;0;0;20;40;0;0;0;0;0;Yes;BLP Amp;BLP Pack; ; ; ;BLP Sniper (Hit);36; ;Ranged BLP (Dmg);36; ;Event;;Planet Arkadia; 
S & B Ardenner 36 (L);Rifle;BLP; ;61.6;1.4;56; ;64;0.9;41.5;2557.3;1.374;1210;13.474;65.00;1.95;122.00%;1.0;4589;14.37;2.889;57.7;0;0;24;32;0;0;0;0;0;Yes;BLP Amp;BLP Pack; ; ; ;BLP Sniper (Hit);36; ;Ranged BLP (Dmg);36; ;Looted;15.2.2;Planet Arkadia; 
S & B Ardenner 40;Rifle;BLP; ;61.6;1.4;56; ;64;0.9;41.5;2557.3;1.374;1210;13.474; ; ; ;1.0;0;14.37;2.889;57.7;0;0;0;0;0;0;0;0;0;Yes;BLP Amp;BLP Pack; ; ; ;BLP Sniper (Hit);40; ;Ranged BLP (Dmg);40; ;Event;;Planet Arkadia; 
S & B Ardenner 42 (L);Rifle;BLP; ;61.6;1.4;61; ;64;0.9;45.2;2785.6;1.495;1318;14.675;70.00;0.00;115.60%;1.0;4683;15.65;2.889;57.7;0;0;26;35;0;0;0;0;0;Yes;BLP Amp;BLP Pack; ; ; ;BLP Sniper (Hit);42; ;Ranged BLP (Dmg);42; ;Looted;;Planet Arkadia; 
S & B Ardenner 48 (L);Rifle;BLP; ;61.6;1.4;67; ;64;0.9;49.7;3059.6; ;1448; ;81.00;2.43; ; ; ; ; ;57.7;0;0;29;38;0;0;0;0;0;Yes;BLP Amp;BLP Pack; ; ; ;BLP Sniper (Hit);48; ;Ranged BLP (Dmg);48; ;Looted;;Planet Arkadia; 
S & B Ardenner 54 (L);Rifle;BLP; ;61.6;1.4;72; ;64;0.9;53.4;3288.0;1.763;1566;17.423;96.00;2.88;128.53%;1.0;5282;18.58;2.872;57.7;0;0;30;42;0;0;0;0;0;Yes;BLP Amp;BLP Pack; ; ; ;BLP Sniper (Hit);54;59;Ranged BLP (Dmg);54;59;Looted;;Planet Arkadia; 
S & B Ardenner 55;Rifle;BLP; ;61.6;1.4;72; ;64;0.9;53.4;3288.0;1.763;1556;17.323;96.00;2.88; ;1.0;5282;18.48;2.889;57.7;0;0;0;0;0;0;0;0;0;Yes;BLP Amp;BLP Pack; ; ; ;BLP Sniper (Hit);55; ;Ranged BLP (Dmg);55; ;Event;;Planet Arkadia; 
S & B  Ardenner 60 (L);Rifle;BLP; ;61.6;1.4;77; ;64;0.9;57.1;3516.3;1.886;1664;18.526;112.00;3.36; ;1.0;5761;19.76;2.889;57.7;0;0;32;45;0;0;0;0;0;Yes;BLP Amp;BLP Pack; ; ; ;BLP Sniper (Hit);60; ;Ranged BLP (Dmg);60; ;Looted;15.6;Planet Arkadia; 
S & B Fractal Katana 35 (L);Melee;Longblades; ;6.0;1.9;68;0;51;1.2;40.2;241.0;16.164;0;16.164;425.00;12.75; ;1.0;2551;13.74;2.924;60.3;38;30;0;0;0;0;0;0;0;Yes;Melee Amp;; ; ; ;Swordsman (Hit);35; ;Swordsman (Dmg);35; ;Looted;Planet Arkadia 2015.1;Planet Arkadia; 
S & B Fractal Katana 40 (L);Melee;Longblades; ;6.0;1.9;74;0;51;1.2;43.7;262.3;17.590;0;17.590;460.00;13.80; ;1.0;2537;14.95;2.924;60.3;42;32;0;0;0;0;0;0;0;Yes;Melee Amp;; ; ; ;Swordsman (Hit);40;45;Swordsman (Dmg);40;45;Looted;15.7.5;Planet Arkadia; 
S & B Fractal Katana 45 (L);Melee;Longblades; ;6.0;1.9;80;0;51;1.2;47.3;283.6; ;0; ;500.00; ; ; ; ; ; ;60.3;45;35;0;0;0;0;0;0;0;Yes;Melee Amp;; ; ; ;Swordsman (Hit);45; ;Swordsman (Dmg);45; ;Looted;Planet Arkadia 2015.1;Planet Arkadia; 
S & B Fractal Katana 50 (L);Melee;Longblades; ; ; ; ; ; ; ; ; ; ; ; ; ; ; ; ; ; ; ; ;0;0;0;0;0;0;0;0;0; ;Melee Amp;; ; ; ;Swordsman (Hit);50; ;Swordsman (Dmg);50; ;Looted;15.10;Planet Arkadia; 
S & B Fractal Katana 55 (L);Melee;Longblades; ;6.0;1.9;90; ;51;1.2;53.2;319.0; ;0; ;565.00; ; ; ; ; ; ;60.3;51;39;0;0;0;0;0;0;0;Yes;Melee Amp;; ; ; ;Swordsman (Hit);55; ;Swordsman (Dmg);55; ;Looted;;Planet Arkadia; 
S.G Takeover Mk1 (L);Rifle;BLP; ;59.4;3.7;13;0;46;1.3;6.9;411.5;0.767;243;3.197;7.50;0.225; ;1.0;949;2.45;2.826;53.1;0;0;1;12;0;0;0;0;0;Yes;BLP Amp;BLP Pack; ; ; ;BLP Sniper (Hit);0; ;Ranged BLP (Dmg);0; ;Looted;11.2.5.5;ROCKtropia; 
S.G Takeover Mk2 (L);Rifle;BLP; ;60.5;3.8;19;0;47;1.3;10.3;625.8;1.121;355;4.671;18.00;0.54; ;1.0;1558;3.66;2.827;53.2;0;0;2;17;0;0;0;0;0;Yes;BLP Amp;BLP Pack; ; ; ;BLP Sniper (Hit);4; ;Ranged BLP (Dmg);4; ;Looted;11.3.6;ROCKtropia; 
S.G Takeover Mk6 (L);Rifle;BLP; ;60.5;3.8;47; ;49;1.2;26.7;1613.9;2.773;878;11.553;61.00;1.83; ;1.0;2134;9.43;2.827;53.2;0;0;5;42;0;0;0;0;0;Yes;BLP Amp;BLP Pack; ; ; ;BLP Sniper (Hit);15; ;Ranged BLP (Dmg);15; ;Looted;;ROCKtropia; 
S.I. Combat Knife;Melee;Shortblades; ;5.0;3;5;0;67;0.9;3.9;19.4;1.215;0;1.215;10.00;0.30;500.00 PED;1.0;799;1.36;2.860;55.6;0;5;0;0;0;0;0;0;0;Yes;Melee Amp;; ; ; ;Knifefighter (Hit);0;3;Knifefighter (Dmg);0;3;Old Time TT Cyrene;;Planet Cyrene; 
S.I. FlameThrower;Flamethrower;BLP; ;16.5;3;5;0;83;0.7;4.8;79.3;0.410;80;1.210;4.85;0.1455; ;1.0;1148;1.67;2.872;56.5;0;0;0;0;0;5;0;0;0;Yes;BLP Amp;BLP Pack; ; ; ;BLP Sniper (Hit);0;5;Ranged BLP (Dmg);0;5;Old Time TT Cyrene;;Planet Cyrene; 
S.I. HK110;Carbine;Laser; ;44.0;2;4;0;67;0.9;3.1;136.6;0.340;63;0.970;3.85;0.1155; ;1.0;1099;1.08;2.866;56.0;0;0;4;0;0;0;0;0;0;Yes;Energy Amp;Weapon Cells; ; ; ;Laser Sniper (Hit);0;3;Ranged Laser (Dmg);0;3;Old Time TT Cyrene;;Planet Cyrene; 
S.I. Psy-Blade;Melee;Power Fist; ;3.0;0.5;4;0;82;0.7;3.8;11.4;0.970;0;0.970;17.50;0.00;0.00 PED;1.0;1805;1.33;2.866;56.0;0;0;3;0;0;0;0;0;1;Yes;Melee Amp;; ; ; ;Brawler (Hit);0;3;Brawler (Dmg);0;3;Old Time TT Cyrene;;Planet Cyrene; 
S.I. Psy-Sword;Melee;Longblades; ;4.0;1.5;8;0;22;2.7;2.0;8.2;1.920;0;1.920;15.00;0.45; ;1.0;758;0.70;2.896;58.2;0;8;0;0;0;0;0;0;0;Yes;Melee Amp;; ; ; ;Swordsman (Hit);0;2.48;Swordsman (Dmg);0;2.48;Old Time TT Cyrene;;Planet Cyrene; 
S.I. Scorpion;Pistol;Laser; ;30.8;3;4;0;83;0.7;3.8;118.4;0.144;83;0.974;2.99;0.0897;200.00 PED;1.0;2015;1.35;2.854;55.2;0;0;0;4;0;0;0;0;0;Yes;Energy Amp;Weapon Cells; ; ; ;Laser Pistoleer (Hit);0;2.5;Ranged Laser (Dmg);0;2.5;Old Time TT Cyrene;;Planet Cyrene; 
Sahra MK1 (L);Carbine;Laser; ;48.4;2.1;8; ;44;1.4;4.1;197.3;0.060;186;1.920;3.80;0.114;0.00%;1.0;6144;1.41;2.896;58.2;0;0;0;0;0;8;0;0;0;Yes;Energy Amp;Weapon Cells; ; ; ;Laser Sniper (Hit);0; ;Ranged Laser (Dmg);0; ;Looted;;Planet Toulan; 
Sahra MK2 (L);Carbine;Laser; ;48.4;2.2;10; ;44;1.4;5.1;246.7;0.164;232;2.484;5.20;0.156;153.00%;1.0;3076;1.82;2.798;58.0;0;0;0;0;0;10;0;0;0;Yes;Energy Amp;Weapon Cells; ; ; ;Laser Sniper (Hit);2;4.62;Ranged Laser (Dmg);2;4.04;Crafted;;Planet Toulan; 
Sahra MK3 (L);Carbine;Laser; ;52.8;2.4;12; ;44;1.4;6.1;322.9;0.124;275;2.874;7.80;0.234; ;1.0;6102;2.11;2.902;58.7;0;0;0;0;0;12;0;0;0;Yes;Energy Amp;Weapon Cells; ; ; ;Laser Sniper (Hit);3; ;Ranged Laser (Dmg);3; ;Crafted;;Planet Toulan; 
Sahra MK4 (L);Carbine;Laser; ;57.2;2.5;14; ;44;1.4;7.1;408.1;0.158;319;3.348;10.00;0.30; ;1.0;6140;2.46;2.906;59.0;0;0;0;0;0;14;0;0;0;Yes;Energy Amp;Weapon Cells; ; ; ;Laser Sniper (Hit);4; ;Ranged Laser (Dmg);4; ;Crafted, Looted;14.9;Planet Toulan; 
Sahra MK5 (L);Carbine;Laser; ;68.2;1.5;26;0;40;1.5;12.0;821.6;0.617;565;6.267;47.00;1.41;111.50%;1.0;7389;4.18;2.883;57.3;0;0;0;5;0;21;0;0;0;Yes;Energy Amp;Weapon Cells; ; ; ;Laser Sniper (Hit);6; ;Ranged Laser (Dmg);6; ;Looted;;Planet Toulan; 
Sahra MK6 (L);Carbine;Laser; ;70.4;1.5;33;0;41;1.5;15.7;1103.3;0.794;716;7.954;61.00;1.83; ;1.0;7453;5.44;2.883;57.3;0;0;0;7;0;26;0;0;0;Yes;Energy Amp;Weapon Cells; ; ; ;Laser Sniper (Hit);8; ;Ranged Laser (Dmg);8; ; ;;Planet Toulan; 
Sahra MK8 (L);Carbine;Laser; ;75.9;1.5;47; ;41;1.5;22.3;1694.2;1.100;1022;11.320;85.00;2.55; ;1.0;7496;7.74;2.886;57.5;0;0;0;11;0;36;0;0;0;Yes;Energy Amp;Weapon Cells; ; ; ;Laser Sniper (Hit);13; ;Ranged Laser (Dmg);13; ;Looted;;Planet Toulan; 
Sahra T-101 (L);Carbine;Laser; ;39.6;1.8;7; ;44;1.4;3.6;141.3;0.030;166;1.690;4.00;0.12; ;1.0;12934;1.24;2.879;57.0;0;0;0;0;0;0;0;0;0;Yes;Energy Amp;Weapon Cells; ; ; ;Laser Sniper (Hit);0;3;Ranged Laser (Dmg);0;3;TT Toulan;15.0;Planet Toulan; 
Salafa Beginner (L);Pistol;Laser; ;27.5;0.8;3; ;55;1.1;1.9;52.6;0.010;65;0.660;0.30;0.009; ;1.0;2911;0.60;3.159;79.5;0;0;0;0;0;3;0;0;0;Yes;Energy Amp;Weapon Cells; ; ; ;Laser Pistoleer (Hit);0;2;Ranged Laser (Dmg);0;2;Mission;;Planet Toulan; 
Salafa G1 (L);Pistol;Laser; ;22.0;0.8;4; ;55;1.1;2.5;56.1;0.020;93;0.950;1.00;0.03; ;1.0;4851;0.87;2.926;60.5;0;0;0;0;0;4;0;0;0;Yes;Energy Amp;Weapon Cells; ; ; ;Laser Pistoleer (Hit);1; ;Ranged Laser (Dmg);1; ;Looted;;Planet Toulan; 
Salafa G2 (L);Pistol;Laser; ;23.1;0.8;5; ;55;1.1;3.2;73.6;0.038;115;1.188;1.90;0.057; ;1.0;4850;1.09;2.925;60.4;0;0;0;0;0;5;0;0;0;Yes;Energy Amp;Weapon Cells; ; ; ;Laser Pistoleer (Hit);1.5; ;Ranged Laser (Dmg);1.5; ;Looted;;Planet Toulan; 
Salafa G3 (L);Pistol;Laser; ;24.2;0.9;7; ;55;1.1;4.5;107.9;0.066;160;1.666;3.10;0.093; ;1.0;4557;1.53;2.920;60.1;0;0;0;0;0;7;0;0;0;Yes;Energy Amp;Weapon Cells; ; ; ;Laser Pistoleer (Hit);2.5; ;Ranged Laser (Dmg);2.5; ;Looted;;Planet Toulan; 
Salafa G4 (L);Pistol;Laser; ;16.5;0.9;7;0;66;0.9;5.4;88.3;0.096;158;1.676;8.00;0.00; ;1.0;8334;1.84;2.903;58.7;0;0;0;3;0;4;0;0;0;Yes;Energy Amp;Weapon Cells; ; ; ;Laser Pistoleer (Hit);3;4;Ranged Laser (Dmg);3;4;Looted;15.7.2;Planet Toulan; 
Salafa G5 (L);Pistol;Laser; ;27.5;0.9;7;0;67;0.9;5.4;149.4; ;153; ;12.00;0.36; ; ; ; ; ;58.4;0;0;0;3;0;4;0;0;0;Yes;Energy Amp;Weapon Cells; ; ; ;Laser Pistoleer (Hit);4; ;Ranged Laser (Dmg);4; ;Looted;14.7.4;Planet Toulan; 
Salafa G6 (L);Pistol;Laser; ;16.5;0.9;7;0;67;0.9;5.4;89.6; ;152; ;14.00;0.00; ; ; ; ; ;57.0;0;0;0;2;0;5;0;0;0;Yes;Energy Amp;Weapon Cells; ; ; ;Laser Pistoleer (Hit);4.5;5;Ranged Laser (Dmg);4.5;5;Looted;Planet Toulan 2015.4.1;Planet Toulan; 
Salafa G8 (L);Pistol;Laser; ;28.6;0.9;14; ;65;0.9;10.5;301.5;0.359;302;3.379;29.00;0.87; ;1.0;7836;3.66;2.880;57.0;0;0;0;4;0;10;0;0;0;Yes;Energy Amp;Weapon Cells; ; ; ;Laser Pistoleer (Hit);6; ;Ranged Laser (Dmg);6; ;Looted;;Planet Toulan; 
Salafa G10 (L);Pistol;Laser; ;28.6;0.9;20; ;68;0.9;15.8;450.5; ;436; ;38.00; ; ; ; ; ; ;57.0;0;0;0;6;0;14;0;0;0;Yes;Energy Amp;Weapon Cells; ; ; ;Laser Pistoleer (Hit);10; ;Ranged Laser (Dmg);10; ;Looted;;Planet Toulan; 
Samm Twin Edge (L);Melee;Longblades; ;6.0;1.2;28; ;65;0.9;21.1;126.5; ;0; ;38.00; ; ; ; ; ; ;57.0;0;18;0;0;0;0;0;0;10;Yes;Melee Amp;; ; ; ;Swordsman (Hit);13; ;Swordsman (Dmg);13; ;Crafted;Planet Toulan 2014.3;Planet Toulan; 
Samm Twin Fate (L);Melee;Longblades; ;6.0;1.2;33;0;65;0.9;24.8;149.1; ;0; ;50.00; ; ; ; ; ; ;56.9;0;21;0;0;0;0;0;0;12;Yes;Melee Amp;; ; ; ;Swordsman (Hit);17; ;Swordsman (Dmg);17; ;Crafted;Planet Toulan 2014.3;Planet Toulan; 
Samm Twin Poison (L);Melee;Longblades; ;6.0;1.2;41; ;65;0.9;30.9;185.2;9.900;0;9.900;80.00; ; ;1.0;809;10.73;2.878;56.9;0;0;0;0;0;0;0;0;0;Yes;Melee Amp;; ; ; ;Swordsman (Dmg);23; ;Swordsman (Hit);23; ;Crafted;;Planet Toulan; 
Scimitar of the Mages, TWEN Edition;Melee;Longblades; ;8.0;1.2;156;0;42;1.4;75.9;607.2;2.336;2950;31.836;980.00;0.00; ;1.0;41953;22.29;3.406;88.0;20;105;15;0;0;16;0;0;0;Yes;Melee Amp;Weapon Cells; ; ; ;Swordsman (Hit);70;80;Swordsman (Dmg);70;80;Looted;17.20.0;Planet Toulan; 
Scott & Barlow BP-0 (L);Pistol;BLP; ;17.6;1;5; ;68;0.9;3.9;69.3;0.112;110;1.212;9.25;0.2775; ;1.0;8012;1.37;2.867;56.1;0;0;2;3;0;0;0;0;0;Yes;BLP Amp;BLP Pack; ; ; ;BLP Pistoleer (Hit);0; ;Ranged BLP (Dmg);0; ;Looted;15.2.1;Planet Arkadia; 
Scott & Barlow BP-2 (L);Pistol;BLP; ;17.6;1;6;0;70;0.9;4.9;85.6;0.144;131;1.454;12.00;0.36; ;1.0;8084;1.70;2.868;56.2;0;0;2;4;0;0;0;0;0;Yes;BLP Amp;BLP Pack; ; ; ;BLP Pistoleer (Hit);2; ;Ranged BLP (Dmg);2; ;Looted;15.2.0;Planet Arkadia; 
Scott & Barlow BP-3 (L);Pistol;BLP; ;18.7;1;8;0;69;0.9;6.4;119.6;0.188;175;1.938;15.50;0.465;126.00%;1.0;7998;2.23;2.869;56.2;0;0;3;5;0;0;0;0;0;Yes;BLP Amp;BLP Pack; ; ; ;BLP Pistoleer (Hit);3; ;Ranged BLP (Dmg);3; ;Looted;15.2.0;Planet Arkadia; 
Scott & Barlow BP-4 (L);Pistol;BLP; ;18.7;1.5;13; ;70;0.9;10.5;197.1;0.309;284;3.149;25.50;0.765;113.00%;1.0;8005;3.67;2.869;56.3;0;0;5;8;0;0;0;0;0;Yes;BLP Amp;BLP Pack; ; ; ;BLP Pistoleer (Hit);4; ;Ranged BLP (Dmg);4; ;Looted;15.2.1;Planet Arkadia; 
Scott & Barlow BP-6 (L);Pistol;BLP; ;19.8;1;16;0;69;0.9;12.8;253.2;0.400;350;3.900;31.00;0.93;109.90%;1.0;7518;4.49;2.851;56.3;0;0;6;10;0;0;0;0;0;Yes;BLP Amp;BLP Pack; ; ; ;BLP Pistoleer (Hit);6; ;Ranged BLP (Dmg);6; ;Looted;;Planet Arkadia; 
Scott & Barlow BP-8 (L);Pistol;BLP; ;20.9;1;19;0;70;0.9;15.4;322.0;0.447;415;4.597;37.00;1.11;106.00%;1.0;8030;5.36;2.873;56.5;0;0;7;12;0;0;0;0;0;Yes;BLP Amp;BLP Pack; ; ; ;BLP Pistoleer (Hit);8; ;Ranged BLP (Dmg);8; ;Looted;;Planet Arkadia; 
Scott & Barlow BP-10 (L);Pistol;BLP; ;20.9;1;23; ;67;0.9;17.8;373.1;0.522;504;5.562;43.00;1.29;107.00%;1.0;7991;6.21;2.874;56.6;0;0;8;15;0;0;0;0;0;Yes;BLP Amp;BLP Pack; ; ; ;BLP Pistoleer (Hit);10; ;Ranged BLP (Dmg);10; ;Looted;;Planet Arkadia; 
Scott & Barlow BP-13 (L);Pistol;BLP; ;22.0;1;28;0;69;0.9;22.4;492.3; ;610; ;55.00;1.65; ; ; ; ; ;56.7;0;0;10;18;0;0;0;0;0;Yes;BLP Amp;BLP Pack; ; ; ;BLP Pistoleer (Hit);13; ;Ranged BLP (Dmg);13; ;Looted;;Planet Arkadia; 
Scott & Barlow BP-16 (L);Pistol;BLP; ;22.0;1;33;0;69;0.9;26.4;580.3;0.757;722;7.977;62.00;1.86;106.00%;1.0;7945;9.17;2.875;56.7;0;0;11;22;0;0;0;0;0;Yes;BLP Amp;BLP Pack; ; ; ;BLP Pistoleer (Hit);16; ;Ranged BLP (Dmg);16; ;Looted;15.2.0;Planet Arkadia; 
Scott & Barlow BP-20 (L);Pistol;BLP; ;23.1;1;38;23.1;68;0.9;29.9;691.4;0.883;830;9.183;73.00;2.19; ;1.0;8020;10.41;2.876;56.8;0;0;13;25;0;0;0;0;0;Yes;BLP Amp;BLP Pack; ; ; ;BLP Pistoleer (Hit);20; ;Ranged BLP (Dmg);20; ;Looted;15.2.2;Planet Arkadia; 
Scott & Barlow BP-25 (L);Pistol;BLP; ;23.1;1;42;0;69;0.9;33.6;775.4;0.996;915;10.146;83.00;2.49; ;1.0;8084;11.67;2.877;56.8;0;0;0;0;0;0;0;0;0;Yes;BLP Amp;BLP Pack; ; ; ;BLP Pistoleer (Hit);25; ;Ranged BLP (Dmg);25; ;Looted;;Planet Arkadia; 
Scott & Barlow BP-30 (L);Pistol;BLP; ;25.3;1;49; ;68;0.9;38.6;976.5;1.116;1072;11.836;93.00;2.79;107.20%;1.0;8084;13.41;2.877;56.8;0;0;16;33;0;0;0;0;0;Yes;BLP Amp;BLP Pack; ; ; ;BLP Pistoleer (Hit);30; ;Ranged BLP (Dmg);30; ;Looted;;Planet Arkadia; 
Scott & Barlow LB-0 (L);Melee;Longblades; ;6.0;1;6;0;39;1.5;2.7;16.3;1.442;0;1.442;52.00; ; ;1.0;3607;0.94;2.892;57.9;0;4;2;0;0;0;0;0;0;Yes;Melee Amp;; ; ; ;Swordsman (Hit);0; ;Swordsman (Dmg);0; ;Looted;Planet Arkadia 2015.1;Planet Arkadia; 
Scott & Barlow LB-2 (L);Melee;Longblades; ;7.0;1;11;0;39;1.5;5.0;34.8; ;0; ;95.50; ; ; ; ; ; ;58.1;0;8;3;0;0;0;0;0;0;Yes;Melee Amp;; ; ; ;Swordsman (Hit);2; ;Swordsman (Dmg);2; ;Looted;15.8.3;Planet Arkadia; 
Scott & Barlow LB-3 (L);Melee;Longblades; ;7.0;1;14;0;40;1.5;6.5;45.4;3.361;0;3.361;122.00;3.66;100.00%;1.0;3521;2.24;2.895;58.2;0;11;3;0;0;0;0;0;0;Yes;Melee Amp;; ; ; ;Swordsman (Hit);3;5;Swordsman (Dmg);3;5;Looted;14.6.2.1;Planet Arkadia; 
Scott & Barlow LB-4 (L);Melee;Longblades; ;8.0;1;18;8;40;1.5;8.3;66.7;4.320;0;4.320;156.00;4.68; ;1.0;3503;2.88;2.896;58.2;0;14;4;0;0;0;0;0;0;Yes;Melee Amp;; ; ; ;Swordsman (Hit);4; ;Swordsman (Dmg);4; ;Looted;;Planet Arkadia; 
Scott & Barlow LB-6 (L);Melee;Longblades; ;8.0;1;23;0;40;1.5;10.7;85.3; ;0; ;199.00;5.97; ; ; ; ; ;58.3;0;18;5;0;0;0;0;0;0;Yes;Melee Amp;; ; ; ;Swordsman (Hit);6; ;Swordsman (Dmg);6; ;Looted;Planet Arkadia 2014.1.1;Planet Arkadia; 
Scott & Barlow LB-8 (L);Melee;Longblades; ;9.0;1;30;0;41;1.5;14.2;128.2; ;0; ;260.00;7.80; ; ; ; ; ;58.5;0;24;6;0;0;0;0;0;0;Yes;Melee Amp;; ; ; ;Swordsman (Hit);8; ;Swordsman (Dmg);8; ;Looted;15.2.2;Planet Arkadia; 
Scott & Barlow LB-10 (L);Melee;Longblades; ;9.0;1;37;0;41;1.5;17.6;158.1; ;0; ;320.00;9.60; ; ; ; ; ;58.7;0;30;7;0;0;0;0;0;0;Yes;Melee Amp;; ; ; ;Swordsman (Hit);10; ;Swordsman (Dmg);10; ;Looted;15.2.3;Planet Arkadia; 
Scott & Barlow LB-13 (L);Melee;Longblades; ;10.0;1;44;0;42;1.4;21.4;214.1;10.530;0;10.530;380.00;11.40; ;1.0;3501;7.37;2.904;58.8;0;36;8;0;0;0;0;0;0;Yes;Melee Amp;; ; ; ;Swordsman (Hit);13; ;Swordsman (Dmg);13; ;Looted;15.2.2;Planet Arkadia; 
Scott & Barlow LB-16 (L);Melee;Longblades; ;10.0;1;51;0;42;1.4;24.8;248.1; ;0; ;440.00;13.20; ; ; ; ; ;59.0;0;42;9;0;0;0;0;0;0;Yes;Melee Amp;; ; ; ;Swordsman (Hit);16; ;Swordsman (Dmg);16; ;Looted;15.2.3;Planet Arkadia; 
Scott & Barlow LB-20 (L);Melee;Longblades; ;11.0;1;57;0;42;1.4;27.7;305.0; ;0; ;491.00;14.73; ; ; ; ; ;59.4;0;47;10;0;0;0;0;0;0;Yes;Melee Amp;; ; ; ;Swordsman (Hit);20; ;Swordsman (Dmg);20; ;Looted;15.2.2;Planet Arkadia; 
Scott & Barlow LB-25 (L);Melee;Longblades; ;11.0;1;65;0;43;1.4;32.4;356.1; ;0; ;559.00; ; ; ; ; ; ;59.8;0;12;53;0;0;0;0;0;0;Yes;Melee Amp;; ; ; ;Swordsman (Hit);25; ;Swordsman (Dmg);25; ;Looted;15.7.2;Planet Arkadia; 
Scott & Barlow LB-30 (L);Melee;Longblades; ;12.0;1;73;0;44;1.4;37.2;446.5; ; ; ;628.00;18.84; ; ; ; ; ;59.8;0;59;14;0;0;0;0;0;0;Yes;Melee Amp;; ; ; ;Swordsman (Dmg);30; ;Swordsman (Hit);30; ;Looted;15.2.2;Planet Arkadia; 
Scott & Barlow LP-0 (L);Pistol;Laser; ;27.5;1;4;0;66;0.9;3.1;84.1;0.096;87;0.966;8.00;0.24; ;1.0;8084;1.06;2.878;56.9;0;0;0;1;0;3;0;0;0;Yes;Energy Amp;Weapon Cells; ; ; ;Laser Pistoleer (Hit);0;3;Ranged Laser (Dmg);0;3;Looted;;Planet Arkadia; 
Scott & Barlow LP-2 (L);Pistol;Laser; ;27.5;1;6;0;67;0.9;4.7;128.1; ;130; ;12.25;0.36; ; ; ; ; ;56.9;0;0;0;2;0;4;0;0;0;Yes;Energy Amp;Weapon Cells; ; ; ;Laser Pistoleer (Hit);2; ;Ranged Laser (Dmg);2; ;Looted;Planet Arkadia 2015.1;Planet Arkadia; 
Scott & Barlow LP-3 (L);Pistol;Laser; ;27.5;1;7; ;67;0.9;5.4;149.4;0.170;152;1.690;14.00;0.42; ;1.0;7989;1.89;2.879;57.0;0;0;0;2;0;5;0;0;0;Yes;Energy Amp;Universal Ammo; ; ; ;Laser Pistoleer (Hit);3; ;Ranged Laser (Dmg);3; ;Looted;15.2.0;Planet Arkadia; 
Scott & Barlow LP-4 (L);Pistol;Laser; ; ;1;11;0;67;0.9;8.5; ;0.255;240;2.655;21.00;0.63; ;1.0;7989;2.96;2.879; ;0;0;0;3;0;8;0;0;0;Yes;Energy Amp;Weapon Cells; ; ; ;Laser Pistoleer (Hit);4; ;Ranged Laser (Dmg);4; ;Looted;15.2.2;Planet Arkadia; 
Scott & Barlow LP-6 (L);Pistol;Laser; ;28.6;1;14;0;65;0.9;10.5;301.5;0.359;302;3.379;29.00;0.87; ;1.0;7836;3.66;2.880;57.0;0;0;0;4;0;10;0;0;0;Yes;Energy Amp;Weapon Cells; ; ; ;Laser Pistoleer (Hit);6; ;Ranged Laser (Dmg);6; ;Looted;;Planet Arkadia; 
Scott & Barlow LP-8 (L);Pistol;Laser; ;28.6;1;17; ;67;0.9;13.2;377.3;0.403;370;4.103;33.00;0.99; ;1.0;7943;4.58;2.880;57.0;0;0;0;5;0;12;0;0;0;Yes;Energy Amp;Weapon Cells; ; ; ;Laser Pistoleer (Hit);6; ;Ranged Laser (Dmg);6; ;Looted;;Planet Arkadia; 
Scott & Barlow LP-10 (L);Pistol;Laser; ;28.6;1;20; ;68;0.9;15.8;450.5;0.467;436;4.827;38.50;1.155; ;1.0;7997;5.47;2.880;57.0;0;0;0;6;0;14;0;0;0;Yes;Energy Amp;Weapon Cells; ; ; ;Laser Pistoleer (Hit);10; ;Ranged Laser (Dmg);10; ;Looted;15.2.2;Planet Arkadia; 
Scott & Barlow LP-13 (L);Pistol;Laser; ;28.6;1;28; ;63;1.0;20.4;584.4;0.679;608;6.759;56.00;1.68; ;1.0;8000;7.10;2.879;57.0;0;0;0;8;0;20;0;0;0;Yes;Energy Amp;Weapon Cells; ; ; ;Laser Pistoleer (Hit);13;16;Ranged Laser (Dmg);13;16;Looted;;Planet Arkadia; 
Scott & Barlow LP-16 (L);Pistol;Laser; ;29.7;1;33;0;63;1.0;24.1;715.2;0.800;716;7.960;66.00;1.98; ;1.0;8003;8.36;2.881;57.1;0;0;0;9;0;24;0;0;0;Yes;Energy Amp;Weapon Cells; ; ; ;Laser Pistoleer (Hit);16;19;Ranged Laser (Dmg);16;19;Looted;15.2.0;Planet Arkadia; 
Scott & Barlow LP-20 (L);Pistol;Laser; ;29.7;1;40; ;61;1.0;28.3;839.4;1.032;866;9.692;81.00;2.43; ;1.0;7614;9.85;2.868;57.1;0;0;0;11;0;29;0;0;0;Yes;Energy Amp;Weapon Cells; ; ; ;Laser Pistoleer (Hit);20;25;Ranged Laser (Dmg);20;25;Looted;;Planet Arkadia; 
Scott & Barlow LP-25 (L);Pistol;Laser; ;29.7;1;44; ;64;0.9;32.6;968.8;1.094;952;10.614;90.00;2.70;120.00%;1.0;7980;11.32;2.881;57.1;0;0;0;12;0;32;0;0;0;Yes;Energy Amp;Weapon Cells; ; ; ;Laser Pistoleer (Hit);25;30;Ranged Laser (Dmg);25;30;Looted;;Planet Arkadia; 
Scott & Barlow LP-30 (L);Pistol;Laser; ;29.7;1;53;0;61;1.0;37.4;1112.2;1.360;1142;12.780;112.00;3.36; ;1.0;7989;12.99;2.882;57.2;0;0;0;15;0;38;0;0;0;Yes;Energy Amp;Weapon Cells; ; ; ;Laser Pistoleer (Hit);30; ;Ranged Laser (Dmg);30; ;Looted;;Planet Arkadia; 
Scott & Barlow LR-0 (L);Carbine;Laser; ;57.2;1;6;0;44;1.4;3.1;174.9;0.137;131;1.447;10.50;0.315; ;1.0;7435;1.06;2.882;57.2;0;0;0;1;0;5;0;0;0;Yes;Energy Amp;Weapon Cells; ; ; ;Laser Sniper (Hit);0;3;Ranged Laser (Dmg);0;3;Looted;;Planet Arkadia; 
Scott & Barlow LR-2 (L);Carbine;Laser; ;59.4;1;11;0;43;1.4;5.5;325.4; ;240; ;19.50;0.58; ; ; ; ; ;57.3;0;0;0;2;0;9;0;0;0;Yes;Energy Amp;Weapon Cells; ; ; ;Laser Sniper (Hit);2; ;Ranged Laser (Dmg);2; ;Looted;Planet Arkadia 2015.1;Planet Arkadia; 
Scott & Barlow LR-3 (L);Carbine;Laser; ;62.7;1;14;0;43;1.4;7.0;437.2; ;305; ;25.00;0.75; ; ; ; ; ;57.3;0;0;0;3;0;11;0;0;0;Yes;Energy Amp;Weapon Cells; ; ; ;Laser Sniper (Hit);3; ;Ranged Laser (Dmg);3; ;Looted;15.2.0;Planet Arkadia; 
Scott & Barlow LR-4 (L);Carbine;Laser; ;64.9;1;19;0;40;1.5;8.8;571.3;0.450;413;4.580;34.50; ; ;1.0;7667;3.05;2.883;57.3;0;0;0;4;0;15;0;0;0;Yes;Energy Amp;Weapon Cells; ; ; ;Laser Sniper (Hit);4; ;Ranged Laser (Dmg);4; ;Looted;;Planet Arkadia; 
Scott & Barlow LR-6 (L);Carbine;Laser; ;68.2;1;26; ;40;1.5;12.0;821.6;0.617;565;6.267;47.00;1.41; ;1.0;7389;4.18;2.883;57.3;0;0;0;5;0;21;0;0;0;Yes;Energy Amp;Weapon Cells; ; ; ;Laser Sniper (Hit);6; ;Ranged Laser (Dmg);6; ;Looted;15.2.0;Planet Arkadia; 
Scott & Barlow LR-8 (L);Carbine;Laser; ;70.4;1;33;0;41;1.5;15.7;1103.3; ;716; ;61.00;1.83; ; ; ; ; ;57.3;0;0;0;7;0;26;0;0;0;Yes;Energy Amp;Weapon Cells; ; ; ;Laser Sniper (Hit);8; ;Ranged Laser (Dmg);8; ;Looted;;Planet Arkadia; 
Scott & Barlow LR-10 (L);Carbine;Laser; ;73.7;1;38; ;43;1.4;18.9;1394.9;0.878;828;9.158;67.00;2.01; ;1.0;7403;6.56;2.884;57.3;0;0;0;9;0;29;0;0;0;Yes;Energy Amp;Weapon Cells; ; ; ;Laser Sniper (Hit);10;14;Ranged Laser (Dmg);10;14;Looted;;Planet Arkadia; 
Scott & Barlow LR-13 (L);Carbine;Laser;0;75.9;1;47;0;41;1.5;22.3;1694.2;1.100;1022;11.320;85.00;2.55;0.00%;1.0;7496;7.74;2.886;57.5;0;0;0;11;0;36;0;0;0;Yes;Energy Amp;Weapon Cells; ; ; ;Laser Sniper (Hit);13;18;Ranged Laser (Dmg);13;18;Looted;15.4;Planet Arkadia; 
Scott & Barlow LR-16 (L);Carbine;Laser; ;79.2;1;54;0;41;1.5;25.6;2031.1; ;1180; ;93.00;2.79; ; ; ; ; ;57.5;0;0;0;13;0;41;0;0;0;Yes;Energy Amp;Weapon Cells; ; ; ;Laser Sniper (Hit);16; ;Ranged Laser (Dmg);16; ;Looted;15.2.1;Planet Arkadia; 
Scott & Barlow LR-20 (L);Carbine;Laser; ;81.4;1;60; ;42;1.4;29.2;2376.1;1.422;1302;14.442;110.00; ;105.88%;1.0;7736;10.11;2.887;57.6;0;0;0;15;0;45;0;0;0;Yes;Energy Amp;Weapon Cells; ; ; ;Laser Sniper (Hit);20; ;Ranged Laser (Dmg);20; ;Looted;;Planet Arkadia; 
Scott & Barlow LR-25 (L);Carbine;Laser; ;84.7;1;64; ;45;1.3;33.4;2825.6;1.531;1387;15.401;118.00; ;116.33%;1.0;7708;11.55;2.888;57.6;0;0;0;0;0;0;0;0;0;Yes;Energy Amp;; ; ; ;Laser Sniper (Hit);25; ;Ranged Laser (Dmg);25; ;Looted;;Planet Arkadia; 
Scott & Barlow LR-30 (L);Carbine;Laser; ;89.1;1;72;0;44;1.4;36.7;3269.6;1.663;1566;17.323;128.00;3.84; ;1.0;7467;12.70;2.889;57.7;0;0;0;20;0;52;0;0;0;Yes;Energy Amp;Weapon Cells; ; ; ;Laser Sniper (Hit);30; ;Ranged Laser (Dmg);30; ;Looted;15.2.0;Planet Arkadia; 
Scott & Barlow SB-0 (L);Melee;Shortblades; ;5.0;1;3; ;79;0.8;2.7;13.7; ;0; ;26.00;0.78; ; ; ; ; ;58.5;1;2;0;0;0;0;0;0;0;Yes;Melee Amp;; ; ; ;Knifefighter (Hit);0; ;Knifefighter (Dmg);0; ;Looted;;Planet Arkadia; 
Scott & Barlow SB-2 (L);Melee;Shortblades; ;5.0;1;4; ;79;0.8;3.7;18.3;0.958;0;0.958;34.50;1.035; ;1.0;3494;1.26;2.902;58.7;1;3;0;0;0;0;0;0;0;Yes;Melee Amp;; ; ; ;Knifefighter (Hit);2; ;Knifefighter (Dmg);2; ;Looted;;Planet Arkadia; 
Scott & Barlow SB-3 (L);Melee;Shortblades; ;5.0;1;6;0;80;0.8;5.6;27.8; ;0; ;52.00;1.56; ; ; ; ; ;58.8;2;4;0;0;0;0;0;0;0;Yes;Melee Amp;; ; ; ;Knifefighter (Hit);3; ;Knifefighter (Dmg);3; ;Looted;15.2.3;Planet Arkadia; 
Scott & Barlow SB-4 (L);Melee;Shortblades; ;6.0;1;10;0;80;0.8;9.3;55.6; ;0; ;86.50;2.595; ; ; ; ; ;58.9;4;6;0;0;0;0;0;0;0;Yes;Melee Amp;; ; ; ;; ; ;; ; ;Looted;;Planet Arkadia; 
Scott & Barlow SB-6 (L);Melee;Shortblades; ;6.0;1;14; ;81;0.7;13.1;78.8;3.349;0;3.349;121.00;3.63; ;1.0;3505;4.52;2.905;58.9;6;8;0;0;0;0;0;0;0;Yes;Melee Amp;; ; ; ;Knifefighter (Hit);6; ;Knifefighter (Dmg);6; ;Looted;15.3.0;Planet Arkadia; 
Scott & Barlow SB-8 (L);Melee;Shortblades; ; ; ; ; ; ; ; ; ; ; ; ; ; ; ; ; ; ; ; ;0;0;0;0;0;0;0;0;0;Yes;Melee Amp;; ; ; ;Knifefighter (Hit); ; ;Electro Kinetic (Dmg); ; ;looted;15.8;Planet Arkadia; 
Scott & Barlow SB-10 (L);Melee;Shortblades; ;7.0;1;19; ;82;0.7;18.0;126.3; ;0; ;164.00;4.92; ; ; ; ; ;59.1;8;11;0;0;0;0;0;0;0;Yes;Melee Amp;; ; ; ;Knifefighter (Hit);10; ;Knifefighter (Dmg);10; ;Looted;;Planet Arkadia; 
Scott & Barlow SB-13 (L);Melee;Shortblades; ;7.0;1;23; ;82;0.7;21.8;152.9;5.496;0;5.496;198.00;5.94; ;1.0;3495;7.51;2.908;59.2;10;13;0;0;0;0;0;0;0;Yes;Melee Amp;; ; ; ;Knifefighter (Hit);13; ;Knifefighter (Dmg);13; ;Looted;;Planet Arkadia; 
Scott & Barlow SB-16 (L);Melee;Shortblades; ;8.0;1;27;0;83;0.7;26.0;207.7;6.448;0;6.448;233.00;6.99; ;1.0;3506;8.92;2.910;59.3;120;15;0;0;0;0;0;0;0;Yes;Melee Amp;; ; ; ;Knifefighter (Hit);16; ;Knifefighter (Dmg);16; ;Looted;Planet Arkadia 2015.1;Planet Arkadia; 
Scott & Barlow SB-20 (L);Melee;Shortblades; ; ;1;30; ;84;0.7;29.2; ;7.160;0;7.160;259.00;7.77; ;1.0;3509;10.02;2.912; ;13;17;0;0;0;0;0;0;0;Yes;Melee Amp;; ; ; ;Knifefighter (Hit);20; ;Knifefighter (Dmg);20; ;Looted;15.9.3;Planet Arkadia; 
Scott & Barlow SB-25 (L);Melee;Shortblades; ;9.0;1;34;0;84;0.7;33.1;297.7; ;0; ;292.00;8.76; ; ; ; ; ;59.9;15;19;0;0;0;0;0;0;0;Yes;Melee Amp;; ; ; ;Knifefighter (Hit);25; ;Knifefighter (Dmg);25; ;Looted;15.2.2;Planet Arkadia; 
Scott & Barlow SB-30 (L);Melee;Shortblades; ;9.0;1;38;0;84;0.7;37.0;332.8; ;0; ;326.00;9.78; ; ; ; ; ;60.3;17;21;0;0;0;0;0;0;0;Yes;Melee Amp;; ; ; ;Knifefighter (Hit);30; ;Knifefighter (Dmg);30; ;Looted;15.3.1;Planet Arkadia; 
Shagadi Disintegration Sword;Melee;Longblades; ;6.0;0.7;66; ;54;1.1;41.3;247.7;15.815;0;15.815;160.00;4.80; ;1.0;982;14.23;2.900;58.6;0;50;0;0;0;0;0;16;0;Yes;Melee Amp;; ; ; ;Swordsman (Hit);42;47;Swordsman (Dmg);42;47;Instance, Looted;12.8.2;Planet Arkadia; 
Sharp Knife (L);Melee;Shortblades; ;8.0;0.1; ;0; ; ; ; ; ;0; ; ; ; ; ; ; ; ; ;0;0;0;0;0;0;0;0;0;Yes;No;; ; ; ;Knifefighter (Hit); ; ;Knifefighter (Dmg); ; ;Crafted;12.4.3;Next Island; 
Shayeb S10 (L);Pistol;BLP; ;18.7;1.4;3; ;52;1.2;1.8;33.8;0.050;67;0.720;3.00;0.09;110.00%;1.0;5820;0.62;2.896;58.2;0;0;1;2;0;0;0;0;0;Yes;BLP Amp;BLP Pack; ; ; ;BLP Pistoleer (Hit);1; ;Ranged BLP (Dmg);1; ;Looted;;Planet Toulan; 
Shayeb S20 (L);Pistol;BLP; ;19.8;1.5;6; ;52;1.2;3.6;71.6;0.100;134;1.440;6.00;0.18;207.00%;1.0;5820;1.25;2.896;58.2;0;0;2;4;0;0;0;0;0;Yes;BLP Amp;BLP Pack; ; ; ;BLP Pistoleer (Hit);2; ;Ranged BLP (Dmg);2; ;Looted;;Planet Toulan; 
Shayeb S30 (L);Pistol;BLP; ;20.9;1.6;9; ;52;1.2;5.4;113.3;0.150;201;2.160;9.00;0.27; ;1.0;5820;1.87;2.896;58.2;0;0;3;6;0;0;0;0;0;Yes;BLP Amp;BLP Pack; ; ; ;BLP Pistoleer (Hit);3; ;Ranged BLP (Dmg);3; ;Looted;;Planet Toulan; 
Shayeb S55 (L);Pistol;BLP; ;20.9;1.6;23; ;67;0.9;17.8;373.1; ;504; ;43.00;1.29;112.00%; ; ; ; ;56.6;0;0;8;15;0;0;0;0;0;Yes; ;BLP Pack; ; ; ;BLP Pistoleer (Hit);10; ;Ranged BLP (Dmg);10; ;Looted;15.7.2;Planet Toulan; 
Shotcallers Shank (L);Melee;Shortblades; ;3.0;0.5;50; ;67;0.9;38.8;116.4;12.300;0;12.300;75.00; ; ;1.0;610;13.74;2.825;53.1;0;0;0;0;0;0;0;0;0;Yes;Melee Amp;; ; ; ;Knifefighter (Hit); ; ;Knifefighter (Dmg); ; ; ;;ROCKtropia; 
Shotgun (SA) (L);Rifle;BLP; ;40.7;5;10; ;51;1.2;5.9;240.4;0.900;150;2.400;2.00;0.06; ;1.0;216;2.04;2.896;58.2;0;0;4;6;0;0;0;0;0;Yes;BLP Amp;Ammo (High Grade); ; ; ;BLP Sniper (Hit);0;5;Ranged BLP (Dmg);0;5;TT HTT;12.0.4;Hunt The THING; 
Shriek Back Alley;Pistol;Laser; ;33.0;1.5;27;0;50;1.2;15.6;516.0;0.590;600;6.590;59.50;1.785; ;1.0;9783;5.49;2.847;54.4;0;0;0;2;0;25;0;0;0;No;Energy Amp;; ; ; ;Laser Pistoleer (Hit);0;100;Ranged Laser (Dmg);0;100;Crafted;;Planet Calypso; 
Shriek Basic;Pistol;Laser; ;22.0;1.2;12; ;30;2.0;4.2;91.7;0.040;300;3.040;13.00;0.39; ;1.0;31525;1.52;2.743;47.4;0;0;0;1;0;11;0;0;0;No;Energy Amp;; ; ; ;Laser Pistoleer (Hit);0;100;Ranged Laser (Dmg);0;100;Crafted;;Planet Calypso; 
Shriek Combat;Pistol;Laser; ;33.0;1.4;26; ;46;1.3;13.9;457.2;0.430;600;6.430;50.00;1.50; ;1.0;11280;4.93;2.810;51.4;0;0;0;2;0;24;0;0;0;No;Energy Amp;; ; ; ;Laser Pistoleer (Hit);0;100;Ranged Laser (Dmg);0;100;Crafted;;Planet Calypso; 
Shriek Covert Ops;Pistol;Laser; ;33.0;0.5;12; ;35;1.7;4.9;160.5;0.040;300;3.040;15.00;0.45; ;1.0;36375;1.77;2.743;47.4;0;0;0;1;0;11;0;0;0;No;Energy Amp;; ; ; ;Laser Pistoleer (Hit);0;100;Ranged Laser (Dmg);0;100;Crafted;;Planet Calypso; 
Shriek Offensive;Pistol;Laser; ;38.5;1.7;41; ;57;1.1;27.1;1042.2;1.000;900;10.000;80.00;2.40; ;1.0;7760;9.50;2.850;55.8;0;0;0;4;0;37;0;0;0;No;Energy Amp;; ; ; ;Laser Pistoleer (Hit);0;100;Ranged Laser (Dmg);0;100;Crafted;;Planet Calypso; 
Shriek Street;Pistol;Laser; ;33.0;1;17; ;35;1.7;6.9;227.4;0.290;400;4.290;23.00;0.69; ;1.0;7694;2.50;2.754;48.1;0;0;0;1;0;16;0;0;0;No;Energy Amp;; ; ; ;Laser Pistoleer (Hit);0;100;Ranged Laser (Dmg);0;100;Crafted;;Planet Calypso; 
Silver Fang m.01 Starlight;Rifle;BLP; ;150.0;5.9;90; ;17;3.5;17.7;2658.4;2.080;2000;22.080;255.00;7.65;750.00 PED;1.0;11892;6.26;2.833;51.6;0;0;0;9;0;81;0;0;0;No;BLP Amp;BLP Pack; ; ; ;BLP Sniper (Hit);0;100;Ranged BLP (Dmg);0;100;Looted;;Planet Calypso; 
SkilDek Anaconda (L);Support;Rocket; ;130.0;4.3;350; ;17;3.5;68.9;8959.7;17.214;6900;86.214;191.00;5.73; ;1.0;1077;24.43;2.821;52.8;0;0;78;0;252;20;0;0;0;Yes; ;Explosive Projectiles; ; ; ;Grenadier (Hit);60; ;Grenadier (Dmg);60; ;Looted;9.4.1;Planet Calypso; 
Skildek Cobra (L);Support;Rocket; ;130.0;4.4;335;9;17;3.5;66.0;8575.7;16.507;6600;82.507;190.30;5.709; ;1.0;1119;23.38;2.822;52.8;0;0;75;0;241;19;0;0;0;Yes; ;Explosive Projectiles; ; ; ;Grenadier (Hit);56;60;Grenadier (Dmg);56;60;Looted;;Planet Calypso; 
Skildek Decimator;Support;Rocket; ;131.9;4.8;190;18;19;3.2;41.8;5515.5;7.790;3800;45.790;172.00;5.16; ;1.0;2142;14.50;2.884;57.3;0;0;46;0;134;10;0;0;0;Yes; ;Explosive Projectiles; ; ; ;Grenadier (Hit);46;49;Grenadier (Dmg);46;49;Looted;14.7.4;Planet Calypso; 
Skildek Decimator (L);Support;Rocket; ;131.9;4.8;190;18;18;3.3;39.6;5225.2;7.790;3800;45.790;86.00;2.58; ;1.0;1071;13.74;2.884;57.3;0;0;46;0;134;10;0;0;0;Yes; ;Explosive Projectiles; ; ; ;Grenadier (Hit);43;48;Grenadier (Dmg);43;48;Looted;14.7.4;Planet Calypso; 
Skildek Exterminator;Support;Rocket; ;131.9;4.8;326;18;19;3.2;71.7;9463.5;9.900;7000;79.900;312.00;9.36; ;1.0;3057;25.30;2.836;54.0;0;0;58;19;229;20;0;0;0;Yes; ;Explosive Projectiles; ; ; ;Grenadier (Hit);88;91;Grenadier (Dmg);88;91;Looted;14.7.4.1;Planet Calypso; 
Skildek Exterminator (L);Support;Rocket; ;131.9;4.8;326;18;18;3.3;68.0;8965.4; ;7000; ;156.00;0.00; ; ; ; ; ;54.0;0;0;58;19;229;20;0;0;0;Yes; ;Explosive Projectiles; ; ; ;Grenadier (Hit);85;88;Grenadier (Dmg);85;88;Looted;14.7.4;Planet Calypso; 
Skildek Gak 1500 (L);Support;Rocket; ;130.0;4.4;295;9;17;3.5;58.1;7551.8;14.653;5800;72.653;150.90;4.527; ;1.0;999;20.59;2.822;52.8;0;0;66;0;212;17;0;0;0;Yes; ;Explosive Projectiles; ; ; ;Grenadier (Hit);46;51;Grenadier (Dmg);46;51;Looted;8.12.3;Planet Calypso; 
Skildek Lancehead (L);Support;Rocket; ;131.9;4.4;9;9;15;4.0;1.6;206.3;0.035;215;2.185;0.18;0.0054;655.56%;1.0;499;0.55;2.863;55.8;0;0;2;1;5;1;0;0;0;Yes; ;Explosive Projectiles; ; ; ;Grenadier (Hit);0;0.6;Grenadier (Dmg);0;0.6;Looted;Planet Calypso 2012.4;Planet Calypso; 
Skildek Lectra (L);Support;Rocket; ;131.9;4.9;168;12;18;3.3;35.0;4620.2; ;3160; ;99.00;2.97; ; ; ; ; ;58.5;0;0;29;22;0;0;0;0;117;Yes; ;Explosive Projectiles; ; ; ;Grenadier (Hit);38; ;Grenadier (Dmg);38; ;Combat Token Trader;;Planet Calypso; 
Skildek Negator;Support;Rocket; ;131.9;4.8;245;18;19;3.2;53.9;7112.1;9.422;5000;59.422;212.00; ; ;1.0;2251;18.82;2.866;56.0;0;0;52;16;161;16;0;0;0;Yes; ;Explosive Projectiles; ; ; ;Grenadier (Hit);61;64;Grenadier (Dmg);61;64;Looted;14.7.4;Planet Calypso; 
Skildek Negator (L);Support;Rocket; ;131.9; ;245;18;18;3.3;51.1;6737.8; ;5000; ;106.00;3.18; ; ; ; ; ;56.0;0;0;51;16;161;16;0;0;0;Yes; ;Explosive Projectiles; ; ; ;Grenadier (Hit);58; ;Grenadier (Dmg);58; ;Looted;;Planet Calypso; 
Skildek Negator, FEN Edition;Support;Rocket; ;131.9;4.8;253;18;21;2.9;61.5;8117.4;9.000;5000;59.000;212.00;0.00; ;1.0;2356;20.65;2.980;64.7;0;0;54;18;163;18;0;0;0;Yes; ;Explosive Projectiles; ; ; ;Grenadier (Hit);50;55;Grenadier (Dmg);50;55;Event, Looted;15.20.2;Entropia Universe; 
Skildek P 30 (L);Support;Rocket; ;131.9;4.4;26;9;17;3.5;5.1;675.3; ;100; ;0.80; ; ; ; ; ; ;67.2;0;0;6;4;12;4;0;0;0;Yes; ;Explosive Projectiles; ; ; ;Grenadier (Hit);0; ;Grenadier (Dmg);0; ;Mission;12.7.2;Planet Calypso; 
Skildek P 40 (L);Support;Rocket; ;130.0;4.5;35;8;17;3.5;6.9;896.0;1.647;700;8.647;16.00;0.48;114.11%;1.0;943;2.45;2.813;52.2;0;0;9;0;24;2;0;0;0;Yes; ;Explosive Projectiles; ; ; ;Grenadier (Hit);3;5;Grenadier (Dmg);3;5;Looted;;Planet Calypso; 
Skildek Pulverizer (L);Support;Rocket; ;140.0; ;608; ;5;12.0;35.2;4929.9;250.007;6700;317.007;57.00;1.71;20000.00%;1.0;23;26.42;1.333;0.0;0;0;141;0;433;34;0;0;0;Yes; ;Explosive Projectiles; ; ; ;Grenadier (Hit);15; ;Grenadier (Dmg);15; ;Looted;9.2.1;Planet Calypso; 
Skildek SER 250 (L);Support;Rocket; ;130.0;4.5;130;8;17;3.5;25.6;3327.9;6.023;2600;32.023;72.10;2.163; ;1.0;1162;9.07;2.821;52.8;0;0;29;0;93;8;0;0;0;Yes; ;Explosive Projectiles; ; ; ;Grenadier (Hit);14;19;Grenadier (Dmg);14;19;Looted;;Planet Calypso; 
Skildek SER 500 (L);Support;Rocket; ;130.0;4.4;168;9;17;3.5;33.1;4300.7;8.289;3300;41.289;91.80;2.754; ;1.0;1075;11.70;2.828;53.3;0;0;37;0;121;10;0;0;0;Yes; ;Explosive Projectiles; ; ; ;Grenadier (Hit);20;25;Grenadier (Dmg);20;25;Looted;;Planet Calypso; 
Skildek Vaporizer (L);Support;Rocket; ;131.9;4.8;632;18;6;10.0;43.9;5793.6;88.000;14400;232.000;88.00;2.64;350.00%;1.0;97;23.20;1.893;7.4;0;0;144;0;444;44;0;0;0;Yes; ;Explosive Projectiles; ; ; ;Grenadier (Hit);32; ;Grenadier (Dmg);32; ;Combat Token Trader;;Planet Calypso; 
SkilDek Viper (L);Support;Rocket; ;130.0;4.5;381; ;17;3.5;75.0;9753.3; ;7500; ; ; ; ; ; ; ; ;53.0;0;0;85;0;274;22;0;0;0;Yes; ;Explosive Projectiles; ; ; ;Grenadier (Hit);69; ;Grenadier (Dmg);69; ;Looted;9.4.3;Planet Calypso; 
SkullROCKer Baseball Bat (L);Melee;Clubs; ;3.0;2;6;0;33;1.8;2.3;6.9; ;0; ;5.00;0.15; ; ; ; ; ;56.6;0;0;6;0;0;0;0;0;0;Yes;Melee Amp;; ; ; ;One Handed Clubber (Hit);0; ;One Handed Clubber (Dmg);0; ;Looted;;ROCKtropia; 
Slaves Sword (L);Melee;Longblades; ;9.0;0.1;15;0;44;1.4;7.6;68.8; ;0; ;4.00; ; ; ; ; ; ;56.7;0;15;0;0;0;0;0;0;0;Yes; ;; ; ; ;Swordsman (Hit);3; ;Swordsman (Dmg);3; ; ;;Ancient Greece; 
SmallFry-1 Laser Rifle (L);Rifle;Laser; ;60.5;2;8; ;51;1.2;4.7;285.9;0.016;190;1.916;4.50;0.13;175.93%;1.0;27313;1.63;2.902;58.7;0;0;0;0;0;8;0;0;0;Yes;Energy Amp;Weapon Cells; ; ; ;Laser Sniper (Hit);0; ;Ranged Laser (Dmg);0; ;Crafted;12.4.1;ROCKtropia; 
SmallFry-2 Laser Rifle (L);Carbine;Laser; ;60.5;2.3;12; ;44;1.4;6.1;370.0;0.045;285;2.895;12.50;0.375;144.00%;1.0;26945;2.12;2.881;57.1;0;0;0;0;0;12;0;0;0;Yes;Energy Amp;Weapon Cells; ; ; ;Laser Sniper (Hit);4; ;Ranged Laser (Dmg);4; ;Crafted;12.4.1;ROCKtropia; 
Sniping Unity, TWEN Edition;Rifle;Gauss; ;174.0;2.3;200;0;32;1.9;74.1;12899.2;0.666;4015;40.816;130.00;0.00; ;1.0;19520;21.77;3.406;88.0;0;0;0;160;40;0;0;0;0;Yes;BLP Amp;BLP Pack; ; ; ;Gauss Sniper (Hit);90;100;Gauss Sniper (Hit);90; ;Event;; ; 
Solar Orange Star Stunna (L);Rifle;BLP; ;22.0;9;22; ;83;0.7;21.2;465.3; ;429; ;25.00;0.75; ; ; ; ; ;57.8;0;0;0;0;0;22;0;0;0;Yes; ;BLP Pack; ; ; ;BLP Sniper (Hit);10; ;Ranged BLP (Dmg);10; ;Token Trader;;The Hub;Deceleration 100% duration 0.3s
Solar Orange Sticky Laucher (L);Support;Grenade; ;131.9;7;35;9;37;1.6;15.0;1978.6; ;742; ;25.00;0.75; ; ; ; ; ;57.7;0;0;0;5;25;5;0;0;0;Yes; ;Explosive Projectiles; ; ; ;Grenadier (Hit);10; ;Grenadier (Dmg);10; ;Token Trader;;The Hub;34% Deceleration on hit
Solar Orange Turrelion Spec Flamebather (L);Flamethrower;BLP; ;16.5;3;44; ;83;0.7;42.3;698.0; ;958; ;25.00;0.75; ; ; ; ; ;57.8;0;0;0;0;0;44;0;0;0;Yes; ;BLP Pack; ; ; ;BLP Sniper (Hit);10; ;Ranged BLP (Dmg);10; ;Token Trader;;The Hub;Burn 70% of Damage 3.0sec
Solar Orange Xent Tech Freeze Ray (L);Rifle;BLP; ;71.5;3;58; ;22;2.7;14.8;1056.8; ;1295; ;25.00;0.75; ; ; ; ; ;57.8;0;0;0;0;0;0;58;0;0;Yes; ;BLP Pack; ; ; ;BLP Sniper (Hit);10; ;Ranged BLP (Dmg);10; ;Token Trader;;The Hub;50% Deceleration on hit 4.0sec
Sollomate Aggressio;Melee;Power Fist; ;3.0;0.5;4;0;86;0.7;4.0;12.0;1.300;0;1.300;12.00;0.36; ;1.0;896;1.86;2.138;14.2;0;0;3;0;0;0;0;0;1;No;Melee Amp;; ; ; ;Brawler (Hit);0;100;Brawler (Dmg);0;100;Looted;;Planet Calypso; 
Sollomate Aggressio, SGA Edition;Melee;Power Fist; ;4.0;0.5;5;0;86;0.7;5.0;19.9; ;0; ;12.00;0.36; ; ; ; ; ;54.6;0;0;4;0;0;0;0;0;1;No;Melee Amp;; ; ; ;Brawler (Hit);0;100;Brawler (Dmg);0;100;Looted;10.0.11;Planet Calypso; 
Sollomate Azuro (L);Carbine;Laser; ;63.8;1.3;3;0;83;0.7;2.9;184.0;0.040;69;0.730;0.70;0.021;285.00%;1.0;1698;1.01;2.856;55.3;0;0;0;1;0;2;0;0;0;Yes;Energy Amp;Weapon Cells; ; ; ;Laser Sniper (Hit);0;1;Ranged Laser (Dmg);0;1;Looted;;Planet Calypso; 
Sollomate Beauto;Carbine;Laser; ;55.0;2.5;26;0;37;1.6;11.1;612.9;1.555;500;6.555;44.00;1.32; ;1.0;2745;4.04;2.757;49.0;0;0;0;2;0;24;0;0;0;No;Energy Amp;Weapon Cells; ; ; ;Laser Sniper (Hit);0;100;Ranged Laser (Dmg);0;100;Looted;;Planet Calypso; 
Sollomate Busho;Carbine;Laser; ;55.0;2;7;0;40;1.5;3.2;178.4;0.020;200;2.020;4.00;0.12; ;1.0;19401;1.35;2.408;27.6;0;0;0;0;0;7;0;0;0;No;Energy Amp;Weapon Cells; ; ; ;Laser Sniper (Hit);0;100;Ranged Laser (Dmg);0;100;Looted;;Planet Calypso; 
Sollomate Crusho;Melee;Power Fist; ;3.0;0.5;5; ;86;0.7;5.0;14.9;1.630;0;1.630;15.00;0.45; ;1.0;893;2.34;2.132;15.7;0;0;3;0;0;0;0;0;2;No;Melee Amp;; ; ; ;Brawler (Hit);0;100;Brawler (Dmg);0;100;Looted;;Planet Calypso; 
Sollomate Eucalypto (L);Carbine;Laser; ;55.0;1.3;2;0;34;1.8;0.8;43.3;0.081;41;0.491;0.14;0.0027; ;1.0;170;0.28;2.831;53.5;0;0;0;1;0;1;0;0;0;Yes;Energy Amp;Rookie Weapon Cell; ; ; ;Laser Sniper (Hit);0; ;Ranged Laser (Dmg);0; ;Mission;;Planet Calypso; 
Sollomate Kangoo;Carbine;Laser; ;55.0;2.6;12;0;40;1.5;5.6;305.8;0.060;300;3.060;12.00;0.36; ;1.0;19401;2.04;2.725;46.2;0;0;0;1;0;11;0;0;0;No;Energy Amp;Weapon Cells; ; ; ;Laser Sniper (Hit);0;100;Ranged Laser (Dmg);0;100;Looted;;Planet Calypso; 
Sollomate Kangoo, Adjusted;Carbine;Laser; ;66.0;2.5;27; ;30;2.0;9.4;619.2;0.380;600;6.380;350.00;10.50; ;1.0;89343;3.19;2.941;61.7;0;0;0;2;0;25;0;0;0;No;Energy Amp;Weapon Cells; ; ; ;Laser Sniper (Hit);0;100;Ranged Laser (Dmg);0;100;Looted;;Planet Calypso; 
Sollomate Kangoo, Ancient, Adjusted;Carbine;Laser; ;88.0;2.5;27; ;30;2.0;9.4;825.7;0.380;600;6.380;350.00;10.50; ;1.0;89343;3.19;2.941;61.7;0;0;0;2;0;25;0;0;0;No;Energy Amp;Weapon Cells; ; ; ;Laser Sniper (Hit);0;100;Ranged Laser (Dmg);0;100;Pregold;4.0;Planet Calypso; 
Sollomate Kangoo, SGA Edition;Carbine;Laser; ;66.0;2.6;13;0;40;1.5;6.0;397.5;0.217;300;3.217;12.00;0.36; ;1.0;5365;2.14;2.809;51.9;0;0;0;1;0;12;0;0;0;No;Energy Amp;Weapon Cells; ; ; ;Laser Sniper (Hit);0;100;Ranged Laser (Dmg);0;100;Looted;10.0;Planet Calypso; 
Sollomate Kiwio (L);Carbine;Laser; ;60.5;1.3;3;0;46;1.3;1.6;96.7;0.137;60;0.737;0.20;0.0006;100.00%;1.0;146;0.57;2.829;53.4;0;0;0;1;0;2;0;0;0;Yes;Energy Amp;Rookie Weapon Cell; ; ; ;Laser Sniper (Hit);0; ;Ranged Laser (Dmg);0; ;Mission;;Planet Calypso; 
Sollomate Kiwio Mk. 2 (L);Carbine;Laser; ;59.4;1.2;5; ;46;1.3;2.7;158.3;0.027;120;1.227;1.40;0.042;100.00%;1.0;5030;0.94;2.832;53.6;0;0;0;2;0;3;0;0;0;Yes;Energy Amp;Rookie Weapon Cell; ; ; ;Laser Sniper (Hit);0;1;Ranged Laser (Dmg);0;1;Old Time;11.3.3;Planet Calypso; 
Sollomate Mayhem Azuro, Adjusted;Carbine;Laser; ;63.8;1.3;3;0;83;0.7;2.9;184.0;0.040;69;0.730;7.00;0.00; ;1.0;17500;1.01;2.856;65.3;0;0;0;1;0;2;0;0;0;Yes;Energy Amp;Weapon Cells; ; ; ;Laser Sniper (Hit);0;1;Ranged Laser (Dmg);0;1;Mayhem Token Trader;;Planet Calypso; 
Sollomate Mayhem Azuro, Augmented;Carbine;Laser; ;63.8;1.3;3.1;0;93;0.6;3.3;213.1;0.039;62;0.659;7.00;0.00;25000.00 PED;1.0;17949;1.02;3.269;80.3;0;0;0;1;0;2.1;0;0;0;Yes;Energy Amp;Weapon Cells; ; ; ;Laser Sniper (Hit);0;1;Ranged Laser (Dmg);0;1;Mayhem Token Trader;;Planet Calypso; 
Sollomate Onyxo (L);Carbine;Laser; ;39.6;1.8;7;0;44;1.4;3.6;141.3;0.030;166;1.690;4.00;0.12;100.00%;1.0;12934;1.24;2.879;57.0;0;0;0;2;0;5;0;0;0;Yes;Energy Amp;Weapon Cells; ; ; ;Laser Sniper (Hit);0;3.4;Ranged Laser (Dmg);0;3.2;TT Calypso;15.0;Planet Calypso; 
Sollomate Opalo;Carbine;Laser; ;55.0;2;8;0;44;1.4;4.1;224.3;0.020;200;2.020;3.80;0.114;0.00 PED;1.0;18430;1.48;2.752;48.0;0;0;0;0;0;8;0;0;0;Yes;Energy Amp;Weapon Cells; ; ; ;Laser Sniper (Hit);0;5;Ranged Laser (Dmg);0;5;Old Time TT Calypso;;Planet Calypso; 
Sollomate Opalo, FEN Edition;Rifle;Laser; ;60.5;2;9; ;44;1.4;4.6;277.5;0.020;215;2.170;5.00;0.00;500.00 PED;1.0;25000;1.59;2.882;55.0;0;0;0;0;0;9;0;0;0;Yes;Energy Amp;Weapon Cells; ; ; ;Laser Sniper (Hit);0; ;Ranged Laser (Dmg);0; ;Event, Looted;15.20.0;Entropia Universe; 
Sollomate Opalo, SGA Edition;Carbine;Laser; ;63.8;2;8;0;49;1.2;4.5;289.7;0.020;200;2.020;3.80;0.114; ;1.0;18430;1.65;2.752;48.0;0;0;0;0;0;8;0;0;0;Yes;Energy Amp;Weapon Cells; ; ; ;Laser Sniper (Hit);0;5;Ranged Laser (Dmg);0;5;Looted;10.0.11;Planet Calypso; 
Sollomate Opalo, TWEN Edition;Rifle;Laser; ;55.0;2;8; ;49;1.2;4.5;249.7;0.018;180;1.818;3.80;0.00; ;1.0;21112;1.48;3.058;68.0;0;0;0;0;0;8;0;0;0;Yes;Energy Amp;Weapon Cells; ; ; ;Laser Sniper (Hit);0;5;Ranged Laser (Dmg);0;5;Looted;17.18.1; ; 
Sollomate Outbacko;Carbine;Laser; ;55.0;2.1;8;0;46;1.3;4.3;234.4;0.020;200;2.020;4.00;0.12; ;1.0;19401;1.55;2.752;48.0;0;0;0;0;0;8;0;0;0;No;Energy Amp;Weapon Cells; ; ; ;Laser Sniper (Hit);0;100;Ranged Laser (Dmg);0;100;Looted;;Planet Calypso; 
Sollomate Outbacko, Adjusted;Carbine;Laser; ;66.0;1.5;18;0;32;1.9;6.7;440.4;0.300;400;4.300;250.00;7.50; ;1.0;80834;2.29;2.909;59.2;0;0;0;1;0;17;0;0;0;No;Energy Amp;Weapon Cells; ; ; ;Laser Sniper (Hit);0;100;Ranged Laser (Dmg);0;100;Looted;;Planet Calypso; 
Sollomate Outbacko, Ancient;Carbine;Laser; ;88.0;2.1;8; ;46;1.3;4.3;375.1;0.020;200;2.020;4.00;0.12; ;1.0;19401;1.55;2.752;48.0;0;0;0;0;0;8;0;0;0;No;Energy Amp;Weapon Cells; ; ; ;Laser Sniper (Hit);0;100;Ranged Laser (Dmg);0;100;Pregold;;Planet Calypso; 
Sollomate Outbacko, SGA Edition;Carbine;Laser;0;66.0;2.1;10;0;46;1.3;5.3;351.7;0.389;200;2.389;8.00;0.24; ;1.0;1995;1.83;2.909;59.2;0;0;0;0;0;10;0;0;0;No;Energy Amp;Weapon Cells; ; ; ;Laser Sniper (Hit);0;100;Ranged Laser (Dmg);0;100;Looted;;Planet Calypso; 
Sollomate Rubio (L);Carbine;Laser; ;48.4;1.3;3; ;61;1.0;2.1;102.6;0.008;73;0.738;0.09;0.0027;1111.11%;1.0;1092;0.75;2.825;53.1;0;0;0;1;0;2;0;0;0;Yes;Energy Amp;Weapon Cells; ; ; ;Laser Sniper (Hit);0;0.3;Ranged Laser (Dmg);0;0.3;Looted;Planet Calypso 2012.4;Planet Calypso; 
Sollomate Tasmo;Carbine;Laser; ;55.0;2.9;23;0;32;1.9;8.5;468.9;0.730;500;5.730;41.00;1.23;16000.00 PED;1.0;5448;3.06;2.790;50.6;0;0;0;2;0;21;0;0;0;No;Energy Amp;Weapon Cells; ; ; ;Laser Sniper (Hit);0;100;Ranged Laser (Dmg);0;100;Looted;;Planet Calypso; 
Sollomate Tasmo, Mentor Edition;Carbine;Laser; ;55.0;2.5;25;0;34;1.8;9.8;541.5;1.118;500;6.118;41.00;1.23; ;1.0;3558;3.47;2.840;52.1;0;0;0;2;0;23;0;0;0;No;Energy Amp;Weapon Cells; ; ; ;Laser Sniper (Hit);0;100;Ranged Laser (Dmg);0;100;Mentoring;;Planet Calypso; 
Songkra Corrosive Dagger;Melee;Shortblades; ;4.0;0.6;58; ;65;0.9;43.7;174.7;13.940;0;13.940;150.00;4.50; ;1.0;1044;15.10;2.892;57.9;0;39;0;0;0;0;0;19;0;Yes;Melee Amp;; ; ; ;Knifefighter (Hit);44;49;Knifefighter (Dmg);44;49;Instance, Looted;;Planet Arkadia; 
Sparking Unity, TWEN Edition;Melee;Shortblades; ;6.0;1.1;71; ;85;0.7;69.9;419.4;0.540;1397;14.510;285.00;0.00; ;1.0;52778;20.56;3.401;88.0;28.4;28.4;0;0;0;0;0;0;14.2;Yes;Melee Amp;Weapon Cells; ; ; ;Knifefighter (Hit);70;80;Knifefighter (Dmg);70;80;Event;17.19.0; ; 
Special Issue Carbine (L);Rifle;Laser; ;57.2;1.4;4;0;52;1.2;2.4;137.8; ;84; ;5.00;0.15; ; ; ; ; ;62.9;0;0;2;1;0;1;0;0;0;Yes;Energy Amp;Special Issue Weapon Cell; ; ; ;Laser Sniper (Hit);0; ;Ranged Laser (Dmg);0; ;Promotion;14.1.1;Entropia Universe; 
Special Ops Flamethrower (FA) (L);Flamethrower;BLP; ;44.0;30;70; ;61;1.0;49.5;2176.3;3.100;1404;17.140;360.00;10.80; ;1.0;11265;17.43;2.838;54.0;0;0;0;0;0;70;0;0;0;Yes;No;BLP Pack; ; ; ;BLP Sniper (Hit);40; ;Ranged BLP (Dmg);40; ;Looted;;Hunt The THING; 
Star Dust Stunna;Rifle;BLP; ;22.0;9;22; ;83;0.7;21.2;465.3;2.800;255;5.350;10.00;0.30; ;1.0;347;7.40;2.858;55.4;0;0;0;0;0;22;0;0;0;Yes; ;BLP Pack; ; ; ;BLP Sniper (Hit);10;12;Ranged BLP (Dmg);10;12;HUB Alpha;Planet Cyrene 2012.1;The Hub;Deceleration 100% duration 0.1 s
Stargazing Blade (L);Melee;Shortblades; ;5.0;0.3;48;0;67;0.9;37.3;186.3;11.595;0;11.595;130.00; ;101.00%;1.0;1122;12.95;2.877;56.8;20;4;0;0;0;24;0;0;0;Yes;Melee Amp;; ; ; ;Knifefighter (Hit);30; ;Knifefighter (Dmg);30; ;Looted;Planet Calypso 2012.5.1;Planet Calypso; 
Starkhov AS-97;Rifle;BLP; ;71.5;3.7;39;0;43;1.4;19.4;1388.9;2.770;700;9.770;110.00;3.30; ;1.0;3852;7.00;2.774;48.9;0;0;3;36;0;0;0;0;0;No;BLP Amp;BLP Pack; ; ; ;BLP Sniper (Hit);0;100;Ranged BLP (Dmg);0;100;Looted;;Planet Calypso; 
Starkhov AS-97, Adjusted;Rifle;BLP; ;88.0;3;59;0;55;1.1;37.6;3307.7;4.200;1000;14.200;400.00;12.00;8500.00 PED;1.0;9239;13.02;2.888;57.6;0;0;5;54;0;0;0;0;0;No;BLP Amp;BLP Pack; ; ; ;BLP Sniper (Hit);0;100;Ranged BLP (Dmg);0;100;Looted;;Planet Calypso; 
Starkhov AS-97, SGA Edition;Rifle;BLP; ;81.4;3.7;41;0;43;1.4;20.4;1662.3;3.303;700;10.303;110.00;3.30; ;1.0;3231;7.38;2.766;48.9;0;0;3;38;0;0;0;0;0;No;BLP Amp;BLP Pack; ; ; ;BLP Sniper (Hit);0;100;Ranged BLP (Dmg);0;100;Looted;10.1.1;Planet Calypso; 
Starkhov AS-98;Rifle;BLP; ;71.5;3;45;0;46;1.3;24.0;1714.4;3.000;800;11.000;140.00;4.20;1000.00 PED;1.0;4527;8.43;2.843;54.4;0;0;4;41;0;0;0;0;0;No;BLP Amp;BLP Pack; ; ; ;BLP Sniper (Hit);0;100;Ranged BLP (Dmg);0;100;Looted;;Planet Calypso; 
Starkhov AS-117;Rifle;BLP; ;77.0;2.6;49;0;46;1.3;26.1;2010.4;2.900;900;11.900;150.00;4.50;160000.00 PED;1.0;5018;9.12;2.862;55.7;0;0;4;45;0;0;0;0;0;No;BLP Amp;BLP Pack; ; ; ;BLP Sniper (Hit);0;100;Ranged BLP (Dmg);0;100;Looted;;Planet Calypso; 
Starkhov AS-117, Modified;Rifle;BLP; ;99.0;2;62;0;60;1.0;43.1;4265.9;4.600;1000;14.600;1700.00;51.00;82000.00 PED;1.0;35848;14.60;2.951;62.4;0;0;6;56;0;0;0;0;0;No;BLP Amp;BLP Pack; ; ; ;BLP Sniper (Hit);0;100;Ranged BLP (Dmg);0;100;Looted;;Planet Calypso; 
Starkhov AS-129;Rifle;BLP; ;66.0;2.4;60;0;54;1.1;37.5;2477.0;4.540;1000;14.540;180.00;5.40;11600.00 PED;1.0;3846;13.09;2.868;56.2;0;0;6;54;0;0;0;0;0;No;BLP Amp;BLP Pack; ; ; ;BLP Sniper (Hit);0;100;Ranged BLP (Dmg);0;100;Looted;;Planet Calypso; 
Starkhov AS-147;Rifle;BLP; ;82.5;2.9;52;0;57;1.1;34.3;2832.5;3.590;900;12.590;195.00;5.85;2400.00 PED;1.0;5269;11.96;2.871;56.4;0;0;5;47;0;0;0;0;0;No;BLP Amp;BLP Pack; ; ; ;BLP Sniper (Hit);0;100;Ranged BLP (Dmg);0;100;Looted;;Planet Calypso; 
Starkhov AS-147, Mentor Edition;Rifle;BLP; ;84.7;3;56;0;59;1.0;38.3;3241.6;4.640;900;13.640;195.00;5.85; ;1.0;4077;13.41;2.853;55.1;0;0;5;51;0;0;0;0;0;No;BLP Amp;BLP Pack; ; ; ;BLP Sniper (Hit);0;100;Ranged BLP (Dmg);0;100;Mentoring;;Planet Calypso; 
Starkhov LPR-1 (L);Rifle;BLP; ;55.0;2.2;6;0;50;1.2;3.5;191.1;0.139;134;1.479;6.80;0.20306; ;1.0;4746;1.23;2.819;52.7;0;0;2;4;0;0;0;0;0;Yes;BLP Amp;BLP Pack; ; ; ;BLP Sniper (Hit);1;2;Ranged BLP (Dmg);1;2;Crafted, Looted;14.1.1;Planet Calypso; 
Starkhov LPR-1, CDF Edition (L);Rifle;BLP; ;55.0;2.2;6; ;50;1.2;3.5;191.1;0.001;147;1.471;0.20;0.00;100.00%;1.0;20000;1.23;2.835;53.8;0;0;2;4;0;0;0;0;0;Yes;BLP Amp;BLP Pack; ; ; ;BLP Sniper (Hit);0.5;2;Ranged BLP (Dmg);0.5;2;Daily Token Trader;;Planet Calypso; 
Starkhov LPR-2 (L);Rifle;BLP; ;57.2;2.2;11;0;44;1.4;5.6;320.7;0.210;250;2.710;11.00;0.33; ;1.0;5081;1.99;2.821;53.0;0;0;3;8;0;0;0;0;0;Yes;BLP Amp;BLP Pack; ; ; ;BLP Sniper (Hit);2;3;Ranged BLP (Dmg);2;3;Looted;12.8.2;Planet Calypso; 
Starkhov LPR-2, CDF Edition (L);Rifle;BLP; ;57.2;2.2;11; ;44;1.4;5.6;320.7;0.001;270;2.701;0.20;0.00;100.00%;1.0;20000;1.98;2.830;53.5;0;0;3;8;0;0;0;0;0;Yes;BLP Amp;BLP Pack; ; ; ;BLP Sniper (Hit);1;3;Ranged BLP (Dmg);1;3;Daily Token Trader;;Planet Calypso; 
Starkhov LPR-3 (L);Rifle;BLP; ;57.2;2.2;14;0;45;1.3;7.3;417.4;0.260;318;3.440;16.00;0.478; ;1.0;5970;2.58;2.828;53.3;0;0;3;11;0;0;0;0;0;Yes;BLP Amp;BLP Pack; ; ; ;BLP Sniper (Hit);3; ;Ranged BLP (Dmg);3; ;Looted;;Planet Calypso; 
Starkhov LPR-3, CDF Edition (L);Rifle;BLP; ;57.2;2.2;14; ;45;1.3;7.3;417.4;0.001;344;3.441;0.20;0.00;100.00%;1.0;20000;2.58;2.828;53.3;0;0;3;11;0;0;0;0;0;Yes;BLP Amp;BLP Pack; ; ; ;BLP Sniper (Hit);2;3;Ranged BLP (Dmg);2;3;Daily Token Trader;;Planet Calypso; 
Starkhov LPR-4 (L);Rifle;BLP; ;60.5;2.2;19;0;41;1.5;9.0;545.9;0.320;434;4.660;21.00;0.63; ;1.0;6366;3.18;2.834;53.7;0;0;0;12;7;0;0;0;0;Yes;BLP Amp;; ; ; ;BLP Sniper (Hit);4;6;Ranged BLP (Dmg);4;6;Looted;;Planet Calypso; 
Starkhov LPR-4, CDF Edition (L);Rifle;BLP; ;60.5;2.2;19; ;41;1.5;9.0;545.9;0.002;466;4.662;0.40;0.00;100.00%;1.0;20000;3.19;2.832;53.6;0;0;7;12;0;0;0;0;0;Yes;BLP Amp;BLP Pack; ; ; ;BLP Sniper (Hit);3;4;Ranged BLP (Dmg);3;4;Daily Token Trader;;Planet Calypso; 
Starkhov LPR-17 (L);Rifle;BLP; ;53.9;2;48; ;46;1.3;25.6;1378.5;1.750;992;11.670;122.00;3.66; ;1.0;6763;8.95;2.859;55.5;0;0;4;44;0;0;0;0;0;Yes;BLP Amp;BLP Pack; ; ; ;BLP Sniper (Hit);17; ;Ranged BLP (Dmg);17; ;Crafted;Planet Calypso 2012.6.1;Planet Calypso; 
Starkhov LPR-20 (L);Rifle;BLP; ;51.7;2;54; ;46;1.3;28.8;1487.6;2.690;1050;13.190;167.00;5.01;0.00%;1.0;6022;10.11;2.845;54.5;0;0;5;49;0;0;0;0;0;Yes;BLP Amp;BLP Pack; ; ; ;BLP Sniper (Hit);20;24;Ranged BLP (Dmg);20;24;Crafted;Planet Calypso 2012.6;Planet Calypso; 
Starkhov LPR-25 (L);Rifle;BLP; ;53.9;2;58; ;49;1.2;32.9;1774.4; ;1201; ;151.00;4.53; ; ; ; ; ; ;0;0;6;52;0;0;0;0;0;Yes;BLP Amp;BLP Pack; ; ; ;BLP Sniper (Hit);25;27.5;Ranged BLP (Dmg);25;27.5;Crafted;;Planet Calypso; 
Starkhov LPR-30 (L);Rifle;BLP; ;60.5;2;71; ;45;1.3;37.0;2239.0;3.000;1419;17.190;202.00;6.06;150.00%;1.0;6532;12.89;2.871;56.4;0;0;0;71;0;0;0;0;0;Yes;BLP Amp;BLP Pack; ; ; ;BLP Sniper (Hit);30; ;Ranged BLP (Dmg);30; ;Crafted;Planet Calypso 2012.6.1;Planet Calypso; 
Star Mercury Anti-Materiel Rifle, Prototype (L);Rifle;BLP; ;137.0;3.2;356;0;5;12.0;20.6;2824.7; ;800; ;17.50;0.525; ; ; ; ; ;0.0;0;0;35;321;0;0;0;0;0;Yes;BLP Amp;BLP Pack; ; ; ;BLP Sniper (Hit);5; ;Ranged BLP (Dmg);5; ;Crafted;9.2.1;Planet Calypso; 
Stealth Flamethrower (FA) (L);Flamethrower;BLP; ;38.5;30;45; ;67;0.9;34.9;1344.6;2.945;800;10.945;160.00;4.80;109.59%;1.0;5270;12.22;2.857;55.4;0;0;0;0;0;45;0;0;0;Yes;No;BLP Pack; ; ; ;BLP Sniper (Hit);15; ;Ranged BLP (Dmg);15; ;Looted;12.1.3;Hunt The THING; 
Stel Claymore (L);Melee;Longblades; ;7.0;1.4;11; ;33;1.8;4.2;29.4;2.650;0;2.650;15.00;0.001; ;1.0;566;1.46;2.885;57.4;2;6;0;0;0;3;0;0;0;Yes;Melee Amp;; ; ; ;Swordsman (Hit);0;3;Swordsman (Dmg);0;3;TT NI;;Next Island; 
Stel Shortblade (L);Melee;Shortblades; ;5.0;0.4;5; ;78;0.8;4.5;22.6;1.200;0;1.200;9.00; ; ;1.0;750;1.56;2.896;58.2;3;1;0;0;0;1;0;0;0;Yes;Melee Amp;; ; ; ;Knifefighter (Hit);0;3;Knifefighter (Dmg);0;3;TT NI;;Next Island; 
Stiletto Shank 7 (L);Melee;Shortblades; ; ; ; ; ; ; ; ; ; ; ; ; ; ; ; ; ; ; ; ;0;0;0;0;0;0;0;0;0; ; ;; ; ; ;; ; ;; ; ;Looted;15.2.0;ROCKtropia; 
Strong Argonaut Claws, FEN Edition;Melee;Power Fist; ;5.0;1;67.5;0;76;0.8;59.4;297.1;1.059;1305;14.109;125.00;3.75; ;1.0;11450;17.87;3.325;81.4;0;16.9;50.6;0;0;0;0;0;0;Yes;Melee Amp;Weapon Cells; ; ; ;Brawler (Hit);60;70;Brawler (Dmg);60;70;Event, Looted;15.20.1;Planet Calypso; 
Strong Argonaut's Claws (L);Melee;Power Fist; ;6.0;1.9;60; ;61;1.0;42.4;254.4;14.250;0;14.250;210.00;6.30; ;1.0;1430;14.49;2.926; ;0;15;45;0;0;0;0;0;0;Yes;Melee Amp;; ; ; ;Brawler (Hit);29;34;Brawler (Dmg);29;34;Looted;12.3.0;Planet Calypso; 
Superior Flamethrower;Flamethrower;BLP; ;38.5;30;128; ;44;1.4;65.2;2511.6; ;2400; ;131.00;3.93; ; ; ; ; ;28.1;0;0;0;0;0;128;0;0;0;Yes;BLP Amp;BLP Pack; ; ; ;BLP Sniper (Hit);36; ;Ranged BLP (Dmg);36; ; ;;ROCKtropia; 
Svempa S40;Pistol;BLP; ;19.8;1.2;9; ;47;1.3;4.9;97.0; ;200; ;814.00;24.42; ; ; ; ; ;49.3;0;0;1;8;0;0;0;0;0;Yes;BLP Amp;BLP Pack; ; ; ;BLP Pistoleer (Hit);1.5;7;Ranged BLP (Dmg);1.5;7;Crafted;;Planet Calypso; 
Svempa S40 (L);Pistol;BLP; ;19.8;1.2;9;0;47;1.3;4.9;97.0;0.213;200;2.213;17.20;0.516; ;1.0;7833;1.73;2.826;53.2;0;0;1;8;0;0;0;0;0;Yes;BLP Amp;BLP Pack; ; ; ;BLP Pistoleer (Hit);1.5;7;Ranged BLP (Dmg);1.5;7;Crafted;;Planet Calypso; 
Svempa S60;Pistol;BLP; ;26.4;1.9;29; ;47;1.3;15.8;416.8;1.161;600;7.161;2972.00;89.16; ;1.0;248307;5.61;2.815;52.3;0;0;5;24;0;0;0;0;0;Yes;BLP Amp;BLP Pack; ; ; ;BLP Pistoleer (Hit);7;13;Ranged BLP (Dmg);7;13;Crafted;11.0.7;Planet Calypso; 
Svempa S60 (L);Pistol;BLP; ;26.4;1.9;29;0;47;1.3;15.8;416.8;1.022;600;7.022;90.00;2.70; ;1.0;8543;5.50;2.870;56.3;0;0;5;24;0;0;0;0;0;Yes;BLP Amp;BLP Pack; ; ; ;BLP Pistoleer (Hit);7;13;Ranged BLP (Dmg);7;13;Crafted;;Planet Calypso; 
Svempa T5;Pistol;BLP; ;27.5;2.1;41;0;50;1.2;23.7;653.0;2.050;800;10.050;4952.00;148.56;18000.00 PED;1.0;234315;8.38;2.835;52.9;0;0;6;35;0;0;0;0;0;Yes;BLP Amp;BLP Pack; ; ; ;BLP Pistoleer (Hit);12;19;Ranged BLP (Dmg);12;19;Crafted;9.2.3;Planet Calypso; 
Svempa T5 (L);Pistol;BLP; ;27.5;2.1;41;0;50;1.2;23.7;653.0;1.898;800;9.898;180.00;5.40; ;1.0;9200;8.25;2.879;57.0;0;0;6;35;0;0;0;0;0;Yes;BLP Amp;BLP Pack; ; ; ;BLP Pistoleer (Hit);12;19;Ranged BLP (Dmg);12;19;Crafted;;Planet Calypso; 
Svempa T15;Pistol;BLP; ;28.6;2.4;66; ;52;1.2;39.8;1137.0;3.203;1300;16.203;10496.00;314.88;32000.00 PED;1.0;317862;14.04;2.831;53.5;0;0;9;57;0;0;0;0;0;Yes;BLP Amp;BLP Pack; ; ; ;BLP Pistoleer (Hit);26; ;Ranged BLP (Dmg);26; ;Crafted;;Planet Calypso; 
Svempa T15 (L);Pistol;BLP; ;28.6;2.4;66;0;52;1.2;39.8;1137.0;2.889;1300;15.889;310.00;9.30; ;1.0;10409;13.77;2.887;57.6;0;0;9;57;0;0;0;0;0;Yes;BLP Amp;BLP Pack; ; ; ;BLP Pistoleer (Hit);26;34;Ranged BLP (Dmg);26;34;Crafted;;Planet Calypso; 
Svempa X1 (L);Pistol;BLP; ;29.7;2.6;78;0;52;1.2;47.0;1395.4;2.894;1600;18.894;390.00;11.70; ;1.0;13072;16.37;2.869;56.3;0;0;10;68;0;0;0;0;0;Yes;BLP Amp;BLP Pack; ; ; ;BLP Pistoleer (Hit);33;41;Ranged BLP (Dmg);33;41;Crafted;;Planet Calypso; 
Svempa X2 (L);Pistol;BLP; ;26.4;1.1;66; ;64;0.9;48.9;1291.7;3.040;1300;16.040;252.00;7.56;130.00%;1.0;8041;17.11;2.860;55.6;0;0;9;57;0;0;0;0;0;Yes;BLP Amp;BLP Pack; ; ; ;BLP Pistoleer (Hit);46; ;Ranged BLP (Dmg);46; ;Crafted;14.1.3;Planet Calypso; 
Svempa XT (L);Pistol;BLP; ;29.7;3;104;0;60;1.0;72.3;2146.7;4.371;2100;25.371;560.00;16.80;147.00%;1.0;12428;25.37;2.849;54.8;0;0;13;91;0;0;0;0;0;Yes;BLP Amp;BLP Pack; ; ; ;BLP Pistoleer (Hit);66;73;Ranged BLP (Dmg);66;73;Crafted;;Planet Calypso; 
Sword Of Courage (L);Melee;Longblades; ;9.0;0.1;58;0;48;1.3;32.2;290.2; ; ; ;58.00;1.74; ; ; ; ; ;57.1;19;39;0;0;0;0;0;0;0;Yes;Melee Amp;; ; ; ;Swordsman (Hit);20; ;Swordsman (Dmg);20; ;Crafted;12.4.3;Next Island; 
Sword of Fortitude (L);Melee;Longblades; ;8.0;0.1;52;0;51;1.2;30.7;245.8; ;0; ;41.00;1.23; ; ; ; ; ;57.4;17;35;0;0;0;0;0;0;0;Yes;No;; ; ; ;Swordsman (Hit);18; ;Swordsman (Dmg);18; ;Crafted;12.4.3;Next Island; 
Sword Of Justice (L);Melee;Longblades; ;4.0;0.1;47; ;51;1.2;27.8;111.1;11.352;0;11.352;34.00;1.02; ;1.0;291;9.65;2.877;56.9;16;31;0;0;0;0;0;0;0;Yes;No;; ; ; ;Swordsman (Hit);15.6; ;Swordsman (Dmg);15.6; ;Crafted;12.4.3;Next Island; 
Sword Of Prudence (L);Melee;Longblades; ;5.0;0.1;41;0;51;1.2;24.2;121.1;10.155;0;10.155;22.00; ; ;1.0;217;8.63;2.806;57.2;14;27;0;0;0;0;0;0;0;Yes;No;; ; ; ;Swordsman (Hit);12.9; ;Swordsman (Dmg);12.9; ;Crafted;12.4.3;Next Island; 
Sword Of Wisdom (L);Melee;Longblades; ;7.0;0.1;35;0;48;1.3;19.5;136.2; ;0; ;11.00; ; ; ; ; ; ;57.1;12;23;0;0;0;0;0;0;0;Yes;No;; ; ; ;Swordsman (Hit);9.4; ;Swordsman (Dmg);9.4; ;Crafted;12.4.3;Next Island; 
TACS Elite MK I (L);Rifle;BLP; ;66.0;4.6;60;0;54;1.1;37.5;2477.0;1.392;1306;14.452;110.00;3.30; ;1.0;7666;13.01;2.885;57.4;0;0;20;40;0;0;0;0;0;Yes;Energy Amp;BLP Pack; ; ; ;BLP Sniper (Hit);30;35;Ranged BLP (Dmg);30;35;Looted;15.11.2;ROCKtropia; 
Tanto 1 (L);Melee;Longblades; ;3.0;2;50; ;52;1.2;30.1;90.3;12.080;0;12.080;364.00;10.92;100.00%;1.0;2923;10.47;2.877;56.8;0;32;0;0;0;18;0;0;0;Yes;Melee Amp;; ; ; ;Swordsman (Hit);22; ;Swordsman (Dmg);22; ;Looted;14.3.2;Monria; 
Tanto 2 (L);Melee;Longblades; ;3.0;2;76;0;54;1.1;47.5;142.6; ;0; ;788.00; ; ; ; ; ; ;56.9;0;53;0;0;0;23;0;0;0;Yes;Melee Amp;; ; ; ;Swordsman (Hit);44; ;Swordsman (Dmg);44; ;Looted;15.8.4;Monria; 
Tarsus SG 1;Pistol;Laser; ;34.1;1;5; ;72;0.8;4.2;142.2;0.030;118;1.210;0.84;0.00; ;1.0;2800;1.45;2.872;56.8;0;0;2;2;0;1;0;0;0;Yes;Energy Amp;Weapon Cells; ; ; ;Laser Pistoleer (Hit);2;7;Ranged Laser (Dmg);2;7;Crafted;14.3;Monria; 
Tegretov TR5;Rifle;BLP; ;66.0;4.1;40; ;40;1.5;18.5;1223.2;2.110;800;10.110;130.00;3.90; ;1.0;5977;6.74;2.750;48.0;0;0;4;36;0;0;0;0;0;No;BLP Amp;BLP Pack; ; ; ;BLP Sniper (Hit);0;100;Ranged BLP (Dmg);0;100;Looted;;Planet Calypso; 
Tegretov TR5, SGA Edition;Rifle;BLP; ;74.8;4.1;42; ;40;1.5;19.5;1455.6;2.604;800;10.604;130.00;3.90;700.00 PED;1.0;4843;7.07;2.753;48.0;0;0;4;38;0;0;0;0;0;No;BLP Amp;BLP Pack; ; ; ;BLP Sniper (Hit);0;100;Ranged BLP (Dmg);0;100;Looted;;Planet Calypso; 
Tegretov TR6;Rifle;BLP; ;71.5;4.3;43;0;45;1.3;22.4;1602.6;2.780;800;10.780;160.00;4.80;3300.00 PED;1.0;5583;8.09;2.772;48.7;0;0;4;39;0;0;0;0;0;No;BLP Amp;BLP Pack; ; ; ;BLP Sniper (Hit);0;100;Ranged BLP (Dmg);0;100;Looted;;Planet Calypso; 
Tegretov TR6, Modified;Rifle;BLP; ;104.5;5.5;69;0;57;1.1;45.6;4760.7;4.960;1100;15.960;8500.00;255.00; ;1.0;166230;15.16;3.005;66.6;0;0;6;63;0;0;0;0;0;No;BLP Amp;BLP Pack; ; ; ;BLP Sniper (Hit);0;100;Ranged BLP (Dmg);0;100;Looted;;Planet Calypso; 
Tegretov TR6, Perfected;Rifle;BLP; ;108.9;5.2;85; ;57;1.1;56.1;6111.6;4.900;1430;19.200;777.00;23.00; ;1.0;15388;18.24;3.077;72.5;0;0;9;76;0;0;0;0;0;No;BLP Amp;BLP Pack; ; ; ;BLP Sniper (Hit);0;100;Ranged BLP (Dmg);0;100;Looted;15.3.3;Planet Calypso; 
Tegretov TR8;Rifle;BLP; ;64.9;4.1;48; ;48;1.3;26.7;1732.1;4.230;800;12.230;172.00;5.16; ;1.0;3945;9.78;2.728;46.4;0;0;4;44;0;0;0;0;0;No;BLP Amp;BLP Pack; ; ; ;BLP Sniper (Hit);0;100;Ranged BLP (Dmg);0;100;Looted;;Planet Calypso; 
Thaqafa Blade M1 (L);Melee;Longblades; ; ; ; ; ; ; ; ; ; ; ; ; ; ; ; ; ; ; ; ;0;0;0;0;0;0;0;0;0;Yes; ;; ; ; ;; ; ;; ; ;Crafted;15.7.4;Planet Toulan; 
Thaqafa Blade M2 (L);Melee;Longblades; ;6.0;1.2;34;0;66;0.9;26.0;156.0; ;0; ;50.00; ; ; ; ; ; ;56.9;6;28;0;0;0;0;0;0;0;Yes;Melee Amp;; ; ; ;Swordsman (Hit);18; ;Swordsman (Dmg);18; ;Crafted;15.6;Planet Toulan; 
Thaqafa Blade M3 (L);Melee;Longblades; ;8.0;1.2;41; ;66;0.9;31.3;250.8; ;0; ;60.00;12.20; ; ; ; ; ;56.8;8;33;0;0;0;0;0;0;0;Yes; ;; ; ; ;Swordsman (Hit);24;28;Swordsman (Dmg);24;28;Crafted;15.2.3;Planet Toulan; 
The Snowballer;Rifle;BLP; ;60.0;1.8;2; ;83;0.7;1.9;115.4;0.004;120;1.204;1.00;0.00; ;1.0;25000;1.67;1.154;0.0;0;0;1;0;0;0;1;0;0;Yes; ;BLP Pack; ; ; ;BLP Sniper (Hit);0;3.5;Ranged BLP (Dmg);0;3.5;Holiday Gift;17.12.1;Next Island; 
The THING Infection (FA)(L);Melee;Whip; ;9.0; ;15; ;42;1.4;7.3;65.7;3.600;0;3.600;10.00; ;0.00%;1.0;278;2.52;2.896;58.2;0;0;0;0;0;0;5;5;5;Yes;Melee Amp;; ; ; ;Whipper (Hit);5; ;Whipper (Dmg);5; ;Looted;12.1.3;Hunt The THING; 
The THING Infection (FA)(L) v2;Melee;Whip; ;9.0; ;60; ;42;1.4;29.2;262.7;14.500;0;14.500;60.00; ;3000.00%;1.0;414;10.15;2.876;56.7;0;0;0;0;0;0;20;20;20;Yes;Melee Amp;; ; ; ;Whipper (Hit);12; ;Whipper (Dmg);12; ;Looted;12.1.3;Hunt The THING; 
Thorifoid Battle Club;Melee;Clubs; ;5.0;5.9;37; ;31;1.9;13.3;66.4;9.000;0;9.000;82.00;2.46; ;1.0;884;4.65;2.857;57.0;8;0;29;0;0;0;0;0;0;No;Melee Amp;; ; ; ;One Handed Clubber (Hit);0;100;One Handed Clubber (Dmg);0;100;Looted;;Planet Calypso; 
Thorifoid Battle Mace;Melee;Clubs; ;5.0;6;41; ;37;1.6;17.6;87.9;9.852;0;9.852;68.00;2.04; ;1.0;670;6.08;2.892;58.0;10;0;31;0;0;0;0;0;0;No;Melee Amp;; ; ; ;One Handed Clubber (Hit);0;100;One Handed Clubber (Dmg);0;100;Looted;;Planet Calypso; 
Thorifoid Berserker Mace, FEN Edition;Melee;Clubs; ;9.0;4;110; ;35;1.7;44.6;401.4;22.120;0;22.120;500.00;0.00; ;1.0;2261;12.90;3.456;79.8;11;0;99;0;0;0;0;0;0;Yes;Melee Amp;; ; ; ;Two Handed Clubber (Hit);40;50;One Handed Clubber (Dmg);40;50;Event, Looted;15.20.0;Planet Calypso;Markup: T2.99/36000 T3.99/39000 T4.99/43000
Tiny King Kong TG;Carbine;BLP; ;52.8;3.2;29; ;49;1.2;16.5;869.1;0.648;626;6.908;48.00;1.44; ;1.0;7186;5.64;2.918;59.9;0;0;11;0;0;18;0;0;0;Yes;BLP Amp;BLP Pack; ; ; ;BLP Sniper (Hit);1;3;Ranged BLP (Dmg);1;3;Event;15.14.1;ROCKtropia; 
Toddler-1 Laser Pistol (L);Pistol;Laser; ;21.8;0.5;10; ;51;1.2;5.9;128.8;0.650;175;2.400;17.20;0.516;110.00%;1.0;2567;2.04;2.896;58.2;0;0;0;1;0;9;0;0;0;Yes;Energy Amp;Weapon Cells; ; ; ;Laser Pistoleer (Hit);4; ;Ranged Laser (Dmg);4; ;Crafted;12.4.1;ROCKtropia; 
Toddler-2 Laser Pistol (L);Pistol;Laser; ;29.5;0.7;31; ;51;1.2;18.3;540.2; ;600; ;90.00; ; ; ; ; ; ;58.5;0;0;5;26;0;0;0;0;0;Yes;Energy Amp;Weapon Cells; ; ; ;Laser Pistoleer (Hit);8; ;Ranged Laser (Dmg);8;11;Crafted;12.4.3;ROCKtropia; 
Toddler-3 Laser Pistol (L);Pistol;Laser; ;30.8;1;41; ;51;1.2;24.2;746.0;1.898;800;9.898;180.00;5.40; ;1.0;9200;8.41;2.879; ;0;0;6;35;0;0;0;0;0;Yes;Energy Amp;Weapon Cells; ; ; ;Laser Pistoleer (Hit); ; ;Ranged Laser (Dmg); ; ;Crafted;12.5.1;ROCKtropia; 
Toddler-4 Laser Pistol (L);Pistol;Laser; ;30.8;1.3;66;0;51;1.2;39.0;1200.9; ;1300; ;310.00;0.00; ; ; ; ; ;57.7;0;0;9;57;0;0;0;0;0;Yes; ;Weapon Cells; ; ; ;Laser Pistoleer (Hit);26;35;Ranged Laser (Dmg);26;35;Crafted;12.7.3;ROCKtropia; 
Toy Snowballgun;Rifle;BLP; ;50.0;0.5;1; ;120;0.5;1.4;69.5;0.002;120;1.202;1.00;0.00; ;1.0;50000;2.40;0.578;0.0;0;0;0;0;0;0;1;0;0;No;Energy Amp;BLP Pack; ; ; ;BLP Pistoleer (Hit); ;100;Ranged BLP (Dmg); ;100;Event;17.5.1;Next Island; 
Traditional Slicer (L);Melee;Longblades; ;5.0; ;24; ;44;1.4;12.2;61.2; ; ; ;12.00; ; ; ; ; ; ;57.5;0;0;0;0;0;0;0;0;0;Yes;No;; ; ; ;Swordsman (Hit);5; ;Swordsman (Dmg);5; ;Crafted;12.4.3;Next Island; 
Trekkies Delight 1 (L);Carbine;Laser; ;57.2;1.8;6;0;44;1.4;3.1;174.9;0.137;131;1.447;10.50; ; ;1.0;7665;1.06;2.882;57.2;0;0;0;1;0;5;0;0;0;Yes;Energy Amp;Weapon Cells; ; ; ;Laser Sniper (Hit);0; ;Ranged Laser (Dmg);0; ;Looted;15.3.3;ROCKtropia; 
Trekkies Delight 2 (L);Carbine;Laser; ;35.6;1.8;11;0;43;1.4;5.5;195.0;0.252;240;2.652;19.50;0.585; ;1.0;7506;1.90;2.883;57.3;0;0;0;2;0;9;0;0;0;Yes; ;Weapon Cells; ; ; ;Laser Sniper (Hit);2; ;Ranged Laser (Dmg);2; ;Looted;;ROCKtropia; 
Trekkies Delight 3 (L);Carbine;Laser; ;62.7;1.8;14; ;43;1.4;7.0;437.2; ;305; ;25.00; ; ; ; ; ; ;57.3;0;0;0;3;0;11;0;0;0;Yes;Energy Amp;Weapon Cells; ; ; ;Laser Sniper (Hit);3; ;Laser Sniper (Hit);3; ;Looted;;ROCKtropia; 
Trekkies Delight 4 (L);Carbine;Laser; ;64.9;1.8;19; ;40;1.5;8.8;571.3; ;413; ;34.50; ; ; ; ; ; ;57.3;0;0;0;4;0;15;0;0;0;Yes;Energy Amp;Weapon Cells; ; ; ;Laser Sniper (Hit);4; ;Ranged Laser (Dmg);4; ;Looted;;ROCKtropia; 
Trekkies Delight 5 (L);Rifle;Laser; ;68.2;1.8;26;0;40;1.5;12.0;821.6; ;565; ;47.00;1.41; ; ; ; ; ;57.3;0;0;0;5;0;21;0;0;0;Yes;Energy Amp;Weapon Cells; ; ; ;Laser Sniper (Hit);6; ;Ranged Laser (Dmg);6; ;Looted;15.4;ROCKtropia; 
Trekkies Delight 6 (L);Rifle;Laser; ;70.4;1.8;33;0;41;1.5;15.7;1103.3; ;716; ;61.00;1.83; ; ; ; ; ;57.3;0;0;0;7;0;26;0;0;0;Yes;Energy Amp;Weapon Cells; ; ; ;Laser Sniper (Hit);8; ;Ranged Laser (Dmg);8; ;Looted;15.3.3;ROCKtropia; 
Trekkies Delight 7 (L);Rifle;Laser; ;73.7;1.8;38;0;43;1.4;18.9;1394.9; ;828; ;67.00;2.01; ; ; ; ; ;57.3;0;0;0;9;0;29;0;0;0;Yes;Energy Amp;Weapon Cells; ; ; ;Laser Sniper (Hit);10; ;Ranged Laser (Dmg);10; ;Looted;15.4;ROCKtropia; 
Trekkies Delight 8  (L);Rifle;Laser; ;75.9;1.8;47;0;41;1.5;22.3;1694.2; ;1022; ;85.00;2.55; ; ; ; ; ;57.5;0;0;0;11;0;36;0;0;0;Yes;Energy Amp;Weapon Cells; ; ; ;Laser Sniper (Hit);13; ;Ranged Laser (Dmg);13; ;Looted;15.20.2;ROCKtropia; 
Trekkies Delight 9 (L);Carbine;Laser; ;79.2;1.8;54; ;41;1.5;25.6;2031.1;1.202;1180;13.002;93.00;2.79;122.09%;1.0;7505;8.88;2.886;57.5;0;0;0;13;0;41;0;0;0;Yes;Energy Amp;Weapon Cells; ; ; ;Laser Sniper (Hit);16; ;Ranged Laser (Dmg);16; ;Looted;;ROCKtropia; 
Trekkies Delight 10 (L);Carbine;Laser; ;48.8;1.8;60; ;42;1.4;29.2;1424.5;1.422;1302;14.442;110.00;3.30; ;1.0;7504;10.11;2.887;57.6;0;0;0;15;0;45;0;0;0;Yes;Energy Amp;Weapon Cells; ; ; ;Laser Sniper (Hit);20;25;Ranged Laser (Dmg);20;25;Looted;;ROCKtropia; 
Trekkies Delight 11 (L);Carbine;Laser; ;84.7;1.8;64; ;45;1.3;33.4;2825.6;1.532;1387;15.402;118.00;3.54; ;1.0;7472;11.55;2.888;57.6;0;0;0;17;0;47;0;0;0;Yes;Energy Amp;Weapon Cells; ; ; ;Laser Sniper (Hit);25; ;Ranged Laser (Dmg);25; ;Looted;;ROCKtropia; 
Trekkies Delight 12 (L);Carbine;Laser; ;89.1;1.8;72; ;44;1.4;36.7;3269.6;1.663;1566;17.323;128.00;3.84; ;1.0;7467;12.70;2.889;57.7;0;0;0;20;0;52;0;0;0;Yes;Energy Amp;Weapon Cells; ; ; ;Laser Sniper (Hit);30; ;Ranged Laser (Dmg);30; ;Looted;;ROCKtropia; 
Trekkie's Delight (L);Carbine;Laser; ;39.6;1.8;7; ;44;1.4;3.6;141.3;0.030;166;1.690;4.00;0.12; ;1.0;12934;1.24;2.879;57.0;0;0;0;2;0;5;0;0;0;Yes;Energy Amp;Weapon Cells; ; ; ;Laser Sniper (Hit);0; ;Ranged Laser (Dmg);0; ;TT RT;15.0;ROCKtropia; 
True Faith;Pistol;Laser; ;38.5;2.1;36; ;51;1.2;21.3;818.8;0.820;800;8.820;69.00;2.07;80.00 PED;1.0;8163;7.50;2.837;53.9;0;0;0;3;0;33;0;0;0;No;Energy Amp;; ; ; ;Laser Pistoleer (Hit);0;100;Ranged Laser (Dmg);0;100;Crafted;;Planet Calypso; 
True Faith (L);Pistol;Laser; ;35.2;2.1;36; ;51;1.2;21.3;748.6;1.395;738;8.775;103.00;3.09;0.00%;1.0;7163;7.46;2.851;54.9;0;0;0;3;0;33;0;0;0;Yes;Energy Amp;Weapon Cells; ; ; ;Laser Pistoleer (Hit);13;17;Ranged Laser (Dmg);13;17;Crafted;14.2.1;Planet Calypso; 
Turath Blade M1 (L);Melee;Longblades; ;9.0;1.2;31;0;61;1.0;21.9;197.1; ;0; ;60.00;1.80; ; ; ; ; ;56.8;18;13;0;0;0;0;0;0;0;Yes; ;; ; ; ;Swordsman (Hit);14; ;Swordsman (Dmg);14; ;Crafted;15.20.1;Planet Toulan; 
Turath Blade M2 (L);Melee;Longblades; ;9.0;1.2;41;0;61;1.0;29.0;260.7; ;0; ;80.00;2.40; ; ; ; ; ;56.8;23;18;0;0;0;0;0;0;0;Yes;Melee Amp;; ; ; ;Swordsman (Hit);21; ;Swordsman (Dmg);21; ;Crafted;15.15.4;Planet Toulan; 
Turrelion Entry Level Flame Thrower;Flamethrower;BLP; ;8.8;3;25;0;67;0.9;19.4;170.7; ;480; ;10.00;0.30; ; ; ; ; ;5.0;0;0;0;0;0;25;0;0;0;Yes; ;BLP Pack; ; ; ;BLP Sniper (Hit);11; ;Ranged BLP (Dmg);11; ;TT The Hub;;The Hub; 
Turrelion Spec Flamebather Version 1;Flamethrower;BLP; ;13.2;3;44; ;83;0.7;42.3;558.4; ;560; ;10.00;0.30; ; ; ; ; ;55.4;0;0;0;0;0;44;0;0;0;Yes; ;BLP Pack; ; ; ;BLP Sniper (Hit);13; ;Ranged BLP (Dmg);13; ;HUB old;Planet Cyrene 2012.1;The Hub; 
Turrelion Spec HK;Carbine;Laser; ;38.0;3;28; ;56;1.1;18.2;690.2;0.513;870;9.213; ; ; ;1.0;0;8.60;2.112;55.7;0;0;0;28;0;0;0;0;0;Yes;Energy Amp;Weapon Cells; ; ; ;Laser Sniper (Hit);11; ;Ranged Laser (Dmg);11; ;TT The Hub;;The Hub; 
Turrelion Spec Psy-Blade;Melee;Shortblades; ;5.0;3;50; ;61;1.0;35.3;176.6;12.100;0;12.100;20.00; ; ;1.0;166;12.30;2.872;56.5;0;50;0;0;0;0;0;0;0;Yes; ;; ; ; ;Knifefighter (Hit);11; ;Knifefighter (Dmg);11; ;TT The Hub;;The Hub; 
Turrelion Spec RPG;Support;Rocket; ;131.9;6;30;9;33;1.8;11.5;1512.6; ;630; ;10.00;0.30; ; ; ; ; ;55.3;0;0;0;0;25;5;0;0;0;Yes; ;Explosive Projectiles; ; ; ;Grenadier (Hit);10; ;Grenadier (Dmg);10; ;TT The Hub;;The Hub; 
Turrelion Spec Scorpion;Pistol;Laser; ;27.5;3;19; ;83;0.7;18.3;502.3;1.000;360;4.600;10.00;0.30; ;1.0;970;6.36;2.871;56.4;0;0;19;0;0;0;0;0;0;Yes; ;Weapon Cells; ; ; ;Laser Pistoleer (Hit);11; ;Ranged Laser (Dmg);11; ;TT The Hub;;The Hub; 
Turrelion Spec Shotgun;Rifle;BLP; ;19.8;9;30; ;48;1.3;16.7;330.3;1.000;630;7.300;10.00;0.30; ;1.0;970;5.84;2.856;55.3;0;0;0;0;0;30;0;0;0;Yes; ;BLP Pack; ; ; ;BLP Sniper (Hit);11; ;Ranged BLP (Dmg);11; ;TT The Hub;;The Hub; 
Turrelion Spec Xent Tech Plasma Rifle;Rifle;BLP; ;60.5;3;55; ;22;2.7;14.0;848.0;2.000;1130;13.300;10.00;0.30; ;1.0;485;4.88;2.874;56.6;0;0;0;0;0;0;55;0;0;Yes; ;BLP Pack; ; ; ;BLP Sniper (Hit);11; ;Ranged BLP (Dmg);11; ;TT The Hub;;The Hub; 
Turrellajin's Stalker Blade (L);Melee;Shortblades; ;5.0;3;50;0;56;1.1;32.4;162.2; ;0; ;12.50; ; ; ; ; ; ;53.2;50;0;0;0;0;0;0;0;0;Yes; ;; ; ; ;Knifefighter (Hit);24; ;Knifefighter (Dmg);24; ; ;15.2.2;The Hub;Acceleration 10%
Ukash IW36 Pistol (L);Pistol;Laser; ;25.3;1;13;0;51;1.2;7.7;194.3;0.061;300;3.061;4.20;0.126;125.00%;1.0;6679;2.60;2.952;62.5;0;0;0;0;0;13;0;0;0;Yes;Energy Amp;; ; ; ;Laser Pistoleer (Hit);0; ;Ranged Laser (Dmg);0; ;Ukash;;Planet Calypso; 
Ukash IW80 Rifle (L);Carbine;Laser; ;53.9;1;13;0;45;1.3;6.8;365.2;0.018;300;3.018;3.80;0.114; ;1.0;20478;2.26;2.994;65.7;0;0;0;0;0;13;0;0;0;Yes;Energy Amp;; ; ; ;Laser Sniper (Hit);0;6.11;Ranged Laser (Dmg);0;6.11;Ukash;;Planet Calypso; 
Ull;Carbine;Laser; ;77.0;3.2;42; ;30;2.0;14.6;1123.8;2.500;900;11.500;120.00;3.60; ;1.0;4656;5.75;2.538;34.6;0;0;0;4;0;38;0;0;0;No;Energy Amp;; ; ; ;Laser Sniper (Hit);0;100;Ranged Laser (Dmg);0;100;Crafted;;Planet Calypso; 
Ull Justice;Carbine;Laser; ;77.0;3.1;48; ;29;2.1;16.1;1241.5; ;1000; ;135.00;4.05; ; ; ; ; ;49.4;0;0;0;4;0;44;0;0;0;No;Energy Amp;; ; ; ;Laser Sniper (Hit);0;100;Ranged Laser (Dmg);0;100;Crafted;;Planet Calypso; 
Umbranoid Basic Whip (L);Melee;Whip; ;7.0;1.5;33;0;29;2.1;11.1;77.6;7.891;0;7.891;301.00;9.03; ;1.0;3701;3.81;2.906;59.0;0;10;23;0;0;0;0;0;0;Yes;Melee Amp;; ; ; ;Whipper (Hit);5;8.9;Whipper (Dmg);5;8.9;Looted;9.3.8;Planet Calypso; 
Umbranoid Space-Time Warped Whip (L);Melee;Whip; ;7.0;1.6;99;0;33;1.8;37.8;264.9;23.589;0;23.589;423.00;12.69; ;1.0;1740;12.97;2.917;59.8;0;23;76;0;0;0;0;0;0;Yes;Melee Amp;; ; ; ;Whipper (Hit);25; ;Whipper (Dmg);25; ;Looted;9.3.8;Planet Calypso; 
Umbranoid Warped Axe (L);Melee;Axes; ;7.0;4.3;141;0;37;1.6;60.4;423.0;35.970;0;35.970;401.00;12.03; ;1.0;1082;22.18;2.724;61.1;0;104;37;0;0;0;0;0;0;Yes;Melee Amp;; ; ; ;Swordsman (Hit);50; ;Swordsman (Dmg);50; ;Looted;9.3.8;Planet Calypso; 
Unique Dub & McCormick Terminator;Rifle;BLP; ;128.0;5.9;130;0;55;1.1;82.8;10601.1;4.400;2800;32.400;17957.00;538.71; ;1.0;395871;29.70;2.789;50.4;0;0;18;112;0;0;0;0;0;Yes;BLP Amp;BLP Pack; ; ; ;BLP Sniper (Hit);8.9;40;Ranged BLP (Dmg);8.9;40;Contest Prize;;Planet Calypso; 
Unique Legend War Axe;Melee;Axes; ;8.0;3;277;0;24.26;2.5;77.8;622.7;138.208;0;138.208;19900.00;0.00; ;1.0;14399;55.88;1.393;0.0;55;138;0;0;0;41;0;0;43;No;Melee Amp;; ; ; ;Swordsman (Hit);0;100;Swordsman (Dmg);0;100;Event;;Planet Calypso; 
Unique Official MindArk PHG - v.Marco;Pistol;Plasma; ;210.0;1;9000;0;120;0.5;12510.0;2627100.0; ;100; ;20000.00;600.00; ; ; ; ; ;100.0;0;0;0;0;900;7200;0;900;0;No;Energy Amp;; ; ; ;Plasma Pistoleer (Hit);0;100;Ranged Plasma (Dmg);0;100;MA Only;;Planet Calypso; 
Unique Reaper's Blade;Melee;Longblades; ;7.7; ;151.6; ;42.23;1.4;74.2;571.0;2.252;2777;30.022;145.00;0.00; ;1.0;6439;21.13;3.509;92.5;15.2;106;15.2;0;0;15.2;0;0;0;Yes;Melee Amp;Universal Ammo; ; ; ;Swordsman (Hit);70;80;Swordsman (Dmg);70;80;Event;15.15.4;Planet Calypso; 
Unique Roman Ram Purifier Prototype;Melee;Shortblades; ;6.0;0.8;201;0;47;1.3;109.4;656.6;175.000;0;175.000;18900.00;567.00; ;1.0;10476;137.08;0.798;0.0;100;40;0;0;0;20;0;0;41;No;Melee Amp;; ; ; ;Knifefighter (Hit);0;100;Knifefighter (Dmg);0;100;Event;;Planet Calypso; 
Unique Sacrificial Dagger;Melee;Shortblades; ;5.5;0.8;86.7; ;85;0.7;85.4;469.5;1.183;1461;15.793;185.00;0.00; ;1.0;15639;22.37;3.815;94.0;69.3;8.7;0;0;0;8.7;0;0;0;Yes;Melee Amp;Universal Ammo; ; ; ;Knifefighter (Hit);90; ;Knifefighter (Dmg);90; ;Halloween Strongbox;15.15.4;Planet Calypso; 
Unstable Turrelion Assassinator;Rifle;BLP; ;110.0;3.8;121; ;52;1.2;72.9;8017.1; ;2810; ;100.00; ; ; ; ; ; ;63.9;0;0;33;88;0;0;0;0;0;Yes;BLP Amp;BLP Pack; ; ; ;BLP Sniper (Hit);110;133;Ranged BLP (Dmg);110;133;Mission;;Planet Cyrene; 
Ursule's Doom (L);Pistol;BLP; ;37.4;1.6;36;0;64;0.9;26.7;998.1;0.900;790;8.800;88.00;2.64; ;1.0;9485;9.39;2.843;54.4;0;0;22;14;0;0;0;0;0;Yes;BLP Amp;BLP Pack; ; ; ;BLP Pistoleer (Hit);18; ;Ranged BLP (Dmg);18; ;Looted;;Planet Calypso; 
Vamachara Mk.Exo (L);Carbine;Laser; ;68.2;2;53;0;67;0.9;41.1;2805.2;0.010;1255;12.560;1.00;0.03;8500.00%;1.0;9701;14.03;2.933;61.0;0;0;0;19;0;34;0;0;0;Yes;Energy Amp;Weapon Cells; ; ; ;Laser Sniper (Hit);37; ;Ranged Laser (Dmg);37; ;Mission;12.7.0;Planet Calypso; 
Vampiric Slicer (L);Melee;Shortblades; ;4.0;2.9;44; ;67;0.9;34.1;136.6; ;0; ;90.00;2.70; ; ; ; ; ;57.7;44;0;0;0;0;0;0;0;0;Yes; ;; ; ; ;Knifefighter (Hit);10; ;Knifefighter (Dmg);10; ;Token Trader;;The Hub;10% Life Steal
VAT-100;Rifle;BLP; ;55.0;4.6;38;0;61;1.0;26.9;1476.8;2.730;700;9.730;78.00;2.34; ;1.0;2772;9.89;2.714;45.5;0;0;3;35;0;0;0;0;0;No;BLP Amp;BLP Pack; ; ; ;BLP Sniper (Hit);0;100;Ranged BLP (Dmg);0;100;Looted;;Planet Calypso; 
VAT-100, Mentor Edition;Rifle;BLP; ;66.0;4;38;0;75;0.8;33.0;2178.8;2.670;700;9.670;78.00;2.34;1200.00 PED;1.0;2834;12.09;2.731;43.5;0;0;3;35;0;0;0;0;0;No;BLP Amp;BLP Pack; ; ; ;BLP Sniper (Hit);0;100;Ranged BLP (Dmg);0;100;Mentoring;;Planet Calypso; 
VAT-110;Rifle;BLP; ;49.5;2.8;37;0;67;0.9;28.7;1421.4;2.400;700;9.400;89.00;2.67;600.00 PED;1.0;3598;10.50;2.736;46.3;0;0;3;34;0;0;0;0;0;No;BLP Amp;BLP Pack; ; ; ;BLP Sniper (Hit);0;100;Ranged BLP (Dmg);0;100;Looted;;Planet Calypso; 
VAT-120;Rifle;BLP; ;60.5;5.1;42; ;55;1.1;26.8;1618.8;2.700;800;10.700;114.00;3.42; ;1.0;4096;9.81;2.728;46.4;0;0;4;38;0;0;0;0;0;No;BLP Amp;BLP Pack; ; ; ;BLP Sniper (Hit);0;100;Ranged BLP (Dmg);0;100;Looted;;Planet Calypso; 
Vincent DPS LP12 (L);Pistol;Laser; ; ; ; ; ; ; ; ; ; ; ; ; ; ; ; ; ; ; ; ;0;0;0;0;0;0;0;0;0;Yes; ;Weapon Cells; ; ; ;Laser Pistoleer (Hit); ; ;Ranged Laser (Dmg); ; ;Crafted;14.5;ROCKtropia; 
Vincent DPS LP16 (L);Pistol;Laser; ; ; ; ; ; ; ; ; ; ; ; ; ; ; ; ; ; ; ; ;0;0;0;0;0;0;0;0;0;Yes; ;Weapon Cells; ; ; ;Laser Pistoleer (Hit); ; ;Ranged Laser (Dmg); ; ;Crafted;14.7.1;ROCKtropia; 
Vincent DPS LP20 (L);Pistol;Laser; ; ; ; ; ; ; ; ; ; ; ; ; ; ; ; ; ; ; ; ;0;0;0;0;0;0;0;0;0;Yes; ;Weapon Cells; ; ; ;Laser Pistoleer (Hit); ; ;Ranged Laser (Dmg); ; ;Crafted;14.5.1;ROCKtropia; 
Vincent DPS LP24 (L);Pistol;Laser; ; ; ; ; ; ; ; ; ; ; ; ; ; ; ; ; ; ; ; ;0;0;0;0;0;0;0;0;0;Yes; ;Weapon Cells; ; ; ;Laser Pistoleer (Hit); ; ;Ranged Laser (Dmg); ; ;Crafted;14.7.4;ROCKtropia; 
Vincent DPS LP28 (L);Pistol;Laser; ; ; ; ; ; ; ; ; ; ; ; ; ; ; ; ; ; ; ; ;0;0;0;0;0;0;0;0;0;Yes; ;Weapon Cells; ; ; ;Laser Pistoleer (Hit); ; ;Ranged Laser (Dmg); ; ;Crafted;14.7.4.1;ROCKtropia; 
Vincent DPS LP32 (L);Pistol;Laser; ; ; ; ; ; ; ; ; ; ; ; ; ; ; ; ; ; ; ; ;0;0;0;0;0;0;0;0;0;Yes; ;Weapon Cells; ; ; ;Laser Pistoleer (Hit); ; ;Ranged Laser (Dmg); ; ;Crafted;15.2.3;ROCKtropia; 
Vincent DPS LR37 TEN EDITION;Carbine;Laser; ;79.2;3.2;90; ;45;1.3;46.9;3715.5;2.280;1917;21.450;335.00;10.05;25000.00 PED;1.0;14253;16.09;2.916;59.7;0;0;0;23;0;67;0;0;0;Yes;Energy Amp;Weapon Cells; ; ; ;Laser Sniper (Hit);37;42;Ranged Laser (Dmg);37;42;Looted;14.2;ROCKtropia; 
Vincent DPS P16 (L);Pistol;BLP; ; ; ; ; ; ; ; ; ; ; ; ; ; ; ; ; ; ; ; ;0;0;0;0;0;0;0;0;0;Yes; ;BLP Pack; ; ; ;BLP Pistoleer (Hit); ; ;Ranged BLP (Dmg); ; ;Crafted;14.7.2;ROCKtropia; 
Vincent DPS P20 (L);Pistol;BLP; ;41.8;2.1;38;0;65;0.9;28.6;1195.9; ;842; ;190.00;5.70; ; ; ; ; ;52.8;0;0;19;19;0;0;0;0;0;Yes;BLP Amp;BLP Pack; ; ; ;BLP Pistoleer (Hit);20; ;Ranged BLP (Dmg);20; ;Crafted;14.7.1;ROCKtropia; 
Vincent DPS P24 (L);Pistol;BLP; ; ; ; ; ; ; ; ; ; ; ; ; ; ; ; ; ; ; ; ;0;0;0;0;0;0;0;0;0;Yes; ;BLP Pack; ; ; ;BLP Pistoleer (Hit); ; ;Ranged BLP (Dmg); ; ;Crafted;14.6.2.1;ROCKtropia; 
Vincent DPS P28 (L);Pistol;BLP; ; ; ; ; ; ; ; ; ; ; ; ; ; ; ; ; ; ; ; ;0;0;0;0;0;0;0;0;0;Yes; ;BLP Pack; ; ; ;BLP Pistoleer (Hit); ; ;Ranged BLP (Dmg); ; ;Crafted;14.6.1;ROCKtropia; 
Vincent DPS P32 (L);Pistol;BLP; ;42.9;2.1;52; ;65;0.9;39.2;1679.6; ; ; ;270.00; ; ; ; ; ; ;52.8;0;0;26;26;0;0;0;0;0;Yes; ;BLP Pack; ; ; ;BLP Pistoleer (Hit);32; ;Ranged BLP (Dmg);32; ;Crafted;14.9;ROCKtropia; 
Vincent DPS P37 (L);Pistol;BLP; ; ; ; ; ; ; ; ; ; ; ; ; ; ; ; ; ; ; ; ;0;0;0;0;0;0;0;0;0;Yes; ;BLP Pack; ; ; ;BLP Pistoleer (Hit); ; ;Ranged BLP (Dmg); ; ;Crafted;;ROCKtropia; 
Vincent DPS P43 (L);Pistol;BLP; ; ; ; ; ; ; ; ; ; ; ; ; ; ; ; ; ; ; ; ;0;0;0;0;0;0;0;0;0;Yes; ;BLP Pack; ; ; ;BLP Pistoleer (Hit); ; ;Ranged BLP (Dmg); ; ;Crafted;;ROCKtropia; 
Vincent DPS P50 (L);Pistol;BLP; ;44.0;2.1;67;0;67;0.9;52.0;2287.9; ;1485; ;380.00;11.40; ; ; ; ; ;52.8;0;0;33;34;0;0;0;0;0;Yes;BLP Amp;BLP Pack; ; ; ;BLP Pistoleer (Hit);50; ;Ranged BLP (Dmg);50; ;Crafted;14.7.4.1;ROCKtropia; 
Vincent DPS P58 (L);Pistol;BLP; ; ; ; ; ; ; ; ; ; ; ; ; ; ; ; ; ; ; ; ;0;0;0;0;0;0;0;0;0;Yes; ;BLP Pack; ; ; ;BLP Pistoleer (Hit); ; ;Ranged BLP (Dmg); ; ;Crafted;;ROCKtropia; 
Vincent DPS P66 (L);Pistol;BLP; ; ; ; ; ; ; ; ; ; ; ; ; ; ; ; ; ; ; ; ;0;0;0;0;0;0;0;0;0;Yes; ;BLP Pack; ; ; ;BLP Pistoleer (Hit); ; ;Ranged BLP (Dmg); ; ;Crafted;;ROCKtropia; 
Vincent DPS P74 (L);Pistol;BLP; ;45.1;2.1;88;0;65;0.9;66.3;2988.2; ;1950; ;500.00;15.00; ; ; ; ; ;52.8;0;0;44;44;0;0;0;0;0;Yes;BLP Amp;BLP Pack; ; ; ;BLP Pistoleer (Hit);74; ;Ranged BLP (Dmg);74; ;Crafted;15.15.7.3;ROCKtropia; 
Vincent DPS R12 (L);Rifle;BLP; ; ; ; ; ; ; ; ; ; ; ; ; ; ; ; ; ; ; ; ;0;0;0;0;0;0;0;0;0;Yes; ;BLP Pack; ; ; ;BLP Sniper (Hit); ; ;Ranged BLP (Dmg); ; ;Crafted;14.3.4;ROCKtropia; 
Vincent DPS R16 (L);Rifle;BLP; ;77.0;3.2;42; ;51;1.2;24.8;1910.5;1.034;931;10.344;150.00;7.50; ;1.0;13782;8.79;2.822; ;0;0;10;32;0;0;0;0;0;Yes;BLP Amp;BLP Pack; ; ; ;BLP Sniper (Hit);16; ;Ranged BLP (Dmg);16; ;Crafted;14.2.1;ROCKtropia; 
Vincent DPS R20 (L);Rifle;BLP; ;78.1;3.2;49; ;50;1.2;28.4;2216.4; ;1086; ;190.00;5.70;0.00%; ; ; ; ; ;0;0;12;37;0;0;0;0;0;Yes;BLP Amp;BLP Pack; ; ; ;BLP Sniper (Hit);20; ;Ranged BLP (Dmg);20; ;Crafted;14.1;ROCKtropia; 
Vincent DPS R24 (L);Rifle;BLP; ;78.3;3.2;56; ;50;1.2;32.4;2539.5;1.390;1241;13.800;230.00;6.90; ;1.0;16051;11.50;2.820; ;0;0;14;42;0;0;0;0;0;Yes;BLP Amp;BLP Pack; ; ; ;BLP Sniper (Hit);24; ;Ranged BLP (Dmg);24; ;Crafted;;ROCKtropia; 
Vincent DPS R28 (L);Rifle;BLP; ; ; ; ; ; ; ; ; ; ; ; ; ; ; ; ; ; ; ; ;0;0;0;0;0;0;0;0;0;Yes; ;BLP Pack; ; ; ;BLP Sniper (Hit); ; ;Ranged BLP (Dmg); ; ;Crafted;14.7.1;ROCKtropia; 
Vincent DPS R32 (L);Rifle;BLP; ; ; ; ; ; ; ; ; ; ; ; ; ; ; ; ; ; ; ; ;0;0;0;0;0;0;0;0;0;Yes; ;BLP Pack; ; ; ;BLP Sniper (Hit); ; ;Ranged BLP (Dmg); ; ;Crafted;15.3.0;ROCKtropia; 
Vincent DPS R37 (L);Rifle;BLP; ;80.3;3.2;74;0;50;1.2;42.9;3441.5; ;1640; ;315.00;0.00; ; ; ; ; ;52.8;0;0;20;54;0;0;0;0;0;Yes; ;BLP Pack; ; ; ;BLP Sniper (Hit);37; ;Ranged BLP (Dmg);37; ;Crafted;14.7.2;ROCKtropia; 
Vincent DPS R43 (L);Rifle;BLP; ; ; ; ; ; ; ; ; ; ; ; ; ; ; ; ; ; ; ; ;0;0;0;0;0;0;0;0;0;Yes; ;BLP Pack; ; ; ;BLP Sniper (Hit); ; ;Ranged BLP (Dmg); ; ;Crafted;14.7.1;ROCKtropia; 
Vincent DPS R50 (L);Rifle;BLP; ; ; ; ; ; ; ; ; ; ; ; ; ; ; ; ; ; ; ; ;0;0;0;0;0;0;0;0;0;Yes; ;BLP Pack; ; ; ;BLP Sniper (Hit); ; ;Ranged BLP (Dmg); ; ;Crafted;15.0;ROCKtropia; 
Vincent DPS R58 (L);Rifle;BLP; ; ; ; ; ; ; ; ; ; ; ; ; ; ; ; ; ; ; ; ;0;0;0;0;0;0;0;0;0;Yes; ;BLP Pack; ; ; ;BLP Sniper (Hit); ; ;Ranged BLP (Dmg); ; ;Crafted;;ROCKtropia; 
Vincent DPS R66 (L);Rifle;BLP; ; ; ; ; ; ; ; ; ; ; ; ; ; ; ; ; ; ; ; ;0;0;0;0;0;0;0;0;0;Yes; ;BLP Pack; ; ; ;BLP Sniper (Hit); ; ;Ranged BLP (Dmg); ; ;Crafted;;ROCKtropia; 
Vincent DPS R82 (L);Rifle;BLP; ; ; ; ; ; ; ; ; ; ; ; ;530.00; ; ; ; ; ; ;52.8;0;0;0;0;0;0;0;0;0; ; ;; ; ; ;; ; ;; ; ;Crafted;;ROCKtropia; 
VTOL MMB AS-35 (L);Mounted;Rocket; ;302.5;5.6;124;5;54.54;1.1;78.3;23697.1;0.000;3046;30.460;27.00;0.81; ;1.0;-2147483648;27.69;2.829;53.4;0;0;27;0;88;9;0;0;0;Yes; ;Explosive Projectiles; ; ; ;Mounted Grenadier (Hit);0; ;Grenadier (Dmg);0; ;Crafted;11.5.0;Planet Calypso; 
Vumpoor Disintegrator (L);Support;Grenade; ;74.8;4.1;432; ;13;4.6;65.1;4865.9;21.013;8400;105.013;231.00;6.93; ;1.0;1067;22.75;2.859;55.5;0;0;60;0;281;91;0;0;0;Yes; ;Explosive Projectiles; ; ; ;Grenadier (Hit);59; ;Grenadier (Dmg);59; ;Looted;;Planet Calypso; 
Vumpoor Dissolver (L);Support;Grenade; ;73.7;3.9;472; ;13;4.6;71.1;5238.3;22.960;9200;114.960;253.00;7.59; ;1.0;1069;24.91;2.854;55.1;0;0;66;0;306;100;0;0;0;Yes; ;Explosive Projectiles; ; ; ;Grenadier (Hit);68; ;Grenadier (Dmg);68; ;Looted;;Planet Calypso; 
Vumpoor Hollowman (L);Support;Grenade; ;67.1;4.1;390;18;13;4.6;58.7;3940.6;18.907;7600;94.907;250.00;7.50; ;1.0;1283;20.56;2.856;55.3;0;0;56;0;252;82;0;0;0;Yes; ;Explosive Projectiles; ; ; ;Grenadier (Hit);50;55;Grenadier (Dmg);50;55;Looted;;Planet Calypso; 
Vumpoor J 4 (L);Support;Grenade; ;49.0;3.7;30;10;13;4.6;4.5;221.4;1.283;600;7.283;13.00;0.39; ;1.0;983;1.58;2.863;55.8;0;0;4;0;20;6;0;0;0;Yes; ;Explosive Projectiles; ; ; ;Grenadier (Hit);2;4;Grenadier (Dmg);2;4;Looted;;Planet Calypso; 
Vumpoor J Crem (L);Support;Grenade; ;71.9;3.9;195;19;13;4.6;29.4;2111.3;10.185;3700;47.185;103.00;3.09; ;1.0;981;10.22;2.872;56.5;0;0;22;0;120;53;0;0;0;Yes; ;Explosive Projectiles; ; ; ;Grenadier (Hit);17;22;Grenadier (Dmg);17;22;Looted;;Planet Calypso; 
Vumpoor J Ero (L);Support;Grenade; ;71.5;4;160; ;13;4.6;24.1;1722.7;7.687;3100;38.687;79.00;2.37; ;1.0;997;8.38;2.874;56.6;0;0;14;0;99;26;0;21;0;Yes; ;Explosive Projectiles; ; ; ;Grenadier (Hit);13; ;Grenadier (Dmg);13; ;Looted;;Planet Calypso; 
Vumpoor Obliterator (L);Support;Grenade; ;77.0; ;675; ;5;12.0;39.1;3010.2; ;5000; ;53.00;1.59; ; ; ; ; ;0.0;0;0;65;0;547;63;0;0;0;Yes; ;Explosive Projectiles; ; ; ;Grenadier (Hit);15; ;Grenadier (Dmg);15; ;Looted;9.2.1;Planet Calypso; 
Vumpoor Pug 9 (L);Support;Grenade; ;69.3;3.7;140; ;13;4.6;21.1;1461.0;6.877;2700;33.877;67.70;2.031; ;1.0;955;7.34;2.872;56.5;0;0;20;0;91;29;0;0;0;Yes; ;Explosive Projectiles; ; ; ;Grenadier (Hit);11; ;Grenadier (Dmg);11; ;Looted;8.12.2;Planet Calypso; 
Vumpoor Rx10 (L);Support;Grenade; ;64.9;3.9;99; ;13;4.6;14.9;967.5;4.959;1900;23.959;49.00;1.47; ;1.0;959;5.19;2.872;56.4;0;0;14;0;64;21;0;0;0;Yes; ;Explosive Projectiles; ; ; ;Grenadier (Hit);7;11;Grenadier (Dmg);7;11;Looted;;Planet Calypso; 
Vumpoor Tuhota 80 (L);Support;Grenade; ;64.9;3.8;265;17;13;4.6;39.9;2589.8;12.403;5200;64.403;163.00;4.89; ;1.0;1275;13.95;2.860;55.6;0;0;38;0;171;56;0;0;0;Yes; ;Explosive Projectiles; ; ; ;Grenadier (Hit);27;32;Grenadier (Dmg);27;32;Looted;;Planet Calypso; 
War axe (L);Melee;Shortblades; ;5.0;0.4;5; ;78;0.8;4.5;22.6;1.200;0;1.200;9.00; ; ;1.0;750;1.56;2.896;58.2;3;1;0;0;0;1;0;0;0;Yes;Melee Amp;; ; ; ;Knifefighter (Hit);0;3;Knifefighter (Dmg);0;3;TT AG;;Ancient Greece; 
Weak Argonaut Claw, FEN Edition;Melee;Power Fist; ;5.0;1;31.3; ;76;0.8;27.6;137.8;0.497;612;6.617;45.00;1.35; ;1.0;8783;8.38;3.288;78.2;0;7.8;23.5;0;0;0;0;0;0;Yes;Melee Amp;Weapon Cells; ; ; ;Brawler (Hit);20; ;Brawler (Dmg);20; ;Event, Looted;15.20.0;Planet Calypso; 
Wildman's Fury (L);Rifle;BLP; ;40.7;2.8;44; ;53;1.1;27.0;1099.4;0.828;980;10.628;66.00;1.98; ;1.0;7732;9.39;2.877;56.9;0;0;17;27;0;0;0;0;0;Yes;BLP Amp;BLP Pack; ; ; ;BLP Sniper (Hit);19; ;Ranged BLP (Dmg);19; ;Looted;;Planet Calypso; 
Willard Heatray A;Pistol;Plasma; ;42.9;1.4;18; ;19;3.2;4.0;169.9;0.440;400;4.440;398.00;11.94; ;1.0;87741;1.41;2.818;52.5;0;0;0;0;2;14;0;2;0;Yes;Energy Amp;; ; ; ;Plasma Pistoleer (Hit);0.5;6;Ranged Plasma (Dmg);0.5;6.9;Crafted;;Planet Calypso; 
Willard Heatray A (L);Pistol;Plasma; ;42.9;1.4;18;0;19;3.2;4.0;169.9;0.354;400;4.354;21.80;0.654; ;1.0;5974;1.38;2.873;56.6;0;0;0;0;2;14;0;2;0;Yes;Energy Amp;; ; ; ;Plasma Pistoleer (Hit);0.5;6;Ranged Plasma (Dmg);0.5;6;Crafted;;Planet Calypso; 
Willard Heatray B;Pistol;Plasma; ;40.7;1.6;22; ;20;3.0;5.1;207.4;0.500;500;5.500;1696.00;50.88; ;1.0;329024;1.83;2.780;48.7;0;0;0;0;2;18;0;2;0;Yes;Energy Amp;; ; ; ;Plasma Pistoleer (Hit);3.8;8.2;Ranged Plasma (Dmg);3.8;8.2;Crafted;9.2.3;Planet Calypso; 
Willard Heatray B (L);Pistol;Plasma; ;40.7;1.6;22;0;20;3.0;5.1;207.4;0.429;500;5.429;33.40;1.002; ;1.0;7552;1.81;2.816;52.4;0;0;0;0;2;18;0;2;0;Yes;Energy Amp;; ; ; ;Plasma Pistoleer (Hit);3.8;8.2;Ranged Plasma (Dmg);3.8;8.2;Crafted;;Planet Calypso; 
Worm Blaster mk I (L);Pistol;Laser; ;27.5;2.1;4;0;66;0.9;3.1;84.1;0.096;87;0.966;8.00; ; ;1.0;8334;1.06;2.878;56.9;0;0;0;1;0;3;0;0;0;Yes;Energy Amp;Weapon Cells; ; ; ;Laser Pistoleer (Hit);0; ;Ranged Laser (Dmg);0; ;Looted;15.3.3;ROCKtropia; 
Worm Blaster mk II (L);Pistol;Laser; ;27.5;2.1;6;0;67;0.9;4.7;128.1;0.149;130;1.449;12.25;0.36; ;1.0;7980;1.62;2.878;56.9;0;0;0;2;0;4;0;0;0;Yes;Energy Amp;Weapon Cells; ; ; ;Laser Pistoleer (Hit);2; ;Ranged Laser (Dmg);2; ;Looted;15.3.3;ROCKtropia; 
Worm Blaster mk III (L);Pistol;Laser; ;27.5;2.1;7;0;67;0.9;5.4;149.4;0.170;152;1.690;14.00; ; ;1.0;8236;1.89;2.879;57.0;0;0;0;2;0;5;0;0;0;Yes;Energy Amp;Weapon Cells; ; ; ;Laser Pistoleer (Hit);3; ;Ranged Laser (Dmg);3; ;Looted;15.3.3;ROCKtropia; 
Worm Blaster mk IV (L);Pistol;Laser; ;27.5;2.1;11; ;67;0.9;8.5;234.8;0.255;240;2.655;21.00; ; ;1.0;8236;2.96;2.879;57.0;0;0;0;3;0;8;0;0;0;Yes;Energy Amp;Weapon Cells; ; ; ;Laser Pistoleer (Hit);4; ;Ranged Laser (Dmg);4; ;Looted;;ROCKtropia; 
Worm Blaster mk IX (L);Pistol;Laser; ;29.7;2.1;33; ;63;1.0;24.1;715.2;0.800;716;7.960;66.00; ; ;1.0;8250;8.36;2.881;57.1;0;0;0;9;0;24;0;0;0;Yes;Energy Amp;Weapon Cells; ; ; ;Laser Pistoleer (Hit);16; ;Ranged Laser (Dmg);16; ;Looted;;ROCKtropia; 
Worm Blaster mk V (L);Pistol;Laser; ;28.6;2.1;14;0;65;0.9;10.5;301.5;0.359;302;3.379;29.00;0.87; ;1.0;7836;3.66;2.880;57.0;0;0;0;4;0;10;0;0;0;Yes;Energy Amp;Weapon Cells; ; ; ;Laser Pistoleer (Hit);6; ;Ranged Laser (Dmg);6; ;Looted;;ROCKtropia; 
Worm Blaster mk VI (L);Pistol;Laser; ;17.2;2.1;17;0;67;0.9;13.2;226.9;0.403;370;4.103;33.00;0.99; ;1.0;7943;4.58;2.880;57.0;0;0;0;5;0;12;0;0;0;Yes;Energy Amp;Weapon Cells; ; ; ;Laser Pistoleer (Hit);8; ;Ranged Laser (Dmg);8; ;Looted;;ROCKtropia; 
Worm Blaster mk VII (L);Pistol;Laser; ;28.6;2.1;20; ;68;0.9;15.8;450.5;0.467;436;4.827;38.50;1.155; ;1.0;7997;5.47;2.880;57.0;0;0;0;6;0;14;0;0;0;Yes;Energy Amp;Weapon Cells; ; ; ;Ranged Laser (Dmg);10; ;Laser Pistoleer (Hit);10; ;Looted;;ROCKtropia; 
Worm Blaster mk VIII (L);Pistol;Laser; ;28.6;2.1;28; ;63;1.0;20.4;584.4;0.677;608;6.757;56.00; ;110.00%;1.0;8272;7.09;2.880;57.0;0;0;0;8;0;20;0;0;0;Yes;Energy Amp;Weapon Cells; ; ; ;Laser Pistoleer (Hit);16; ;Ranged Laser (Dmg);16; ;Looted;;ROCKtropia; 
Worm Blaster mk X (L);Pistol;Laser; ;29.7;2.1;40;0;61;1.0;28.3;839.4;0.991;866;9.651;81.00;2.43; ;1.0;7929;9.81;2.881;57.1;0;0;0;0;0;0;0;0;0;Yes;Energy Amp;Weapon Cells; ; ; ;Laser Pistoleer (Hit);20;25;Ranged Laser (Dmg);20;5;Looted;;ROCKtropia; 
Worm Blaster mk XI (L);Pistol;Laser; ;29.7;2.1;44; ;64;0.9;32.6;968.8;1.094;952;10.614;90.00; ; ;1.0;8227;11.32;2.881;57.1;0;0;0;12;0;32;0;0;0;Yes;Energy Amp;Weapon Cells; ; ; ;Laser Pistoleer (Hit);25; ;Ranged Laser (Dmg);25; ;Looted;;ROCKtropia; 
Worm Blaster mk XII (L);Pistol;Laser; ; ;2.1;53; ;61;1.0;37.4; ;1.360;1142;12.780;112.00;3.36; ;1.0;7989;12.99;2.882;57.2;0;0;0;0;0;0;0;0;0;Yes;Energy Amp;Weapon Cells; ; ; ;Laser Pistoleer (Hit);30;35;Ranged Laser (Dmg);30;35;Looted;;ROCKtropia; 
Wrapped HK LSR (L);Rifle;Laser; ;66.6;2.1;64; ;48;1.3;35.6;2369.9;3.232;1330;16.532;150.00;0.015; ;1.0;4641;13.23;2.691;53.6;0;0;46;18;0;0;0;0;0;Yes;Energy Amp;Weapon Cells; ; ; ;Laser Sniper (Hit);28;30;Ranged Laser (Dmg);28;30;Looted;17.23.2;Planet Cyrene; 
Xdra LR13 (L);Rifle;Laser; ;75.9;3.2;47; ;41;1.5;22.3;1694.2;1.100;1022;11.320;85.00; ; ;1.0;7728;7.74;2.886;57.5;0;0;0;11;0;36;0;0;0;Yes;Energy Amp;Weapon Cells; ; ; ;Laser Sniper (Hit);13; ;Ranged Laser (Dmg);13; ;Looted;15.13.1;ROCKtropia; 
Xent Tech Freeze Ray X1;Rifle;BLP; ;38.5;3;22; ;22;2.7;5.6;215.8; ;255; ;10.00;0.30; ; ; ; ; ;55.4;0;0;0;0;0;0;22;0;0;Yes; ;BLP Pack; ; ; ;BLP Sniper (Hit);7.5;10;Ranged BLP (Dmg);7.5;10;HUB;;The Hub; 
Xent Tech Freeze Ray X2;Rifle;BLP; ;38.5;3;22; ;24;2.5;6.1;235.5; ;255; ;10.00;0.30; ; ; ; ; ;55.4;0;22;0;0;0;0;0;0;0;Yes; ;BLP Pack; ; ; ;BLP Sniper (Hit);7.5;10;Ranged BLP (Dmg);7.5;10;HUB;;The Hub; 
Xent Tech Freeze Ray X3;Rifle;BLP; ;38.5; ;22; ;26;2.3;6.6;255.1; ;255; ;10.00;0.30; ; ; ; ; ;55.4;0;0;0;0;0;0;22;0;0;Yes;BLP Amp;BLP Pack; ; ; ;BLP Sniper (Hit);7.5;10;Ranged BLP (Dmg);7.5;10;HUB old;Planet Cyrene 2012.1;The Hub; 
Xent Tech Freeze Ray X5;Rifle;BLP; ;38.5;3;22; ;30;2.0;7.6;294.3; ;255; ;10.00;0.30; ; ; ; ; ;55.4;0;22;0;0;0;0;0;0;0;Yes; ;BLP Pack; ; ; ;BLP Sniper (Hit);7.5;10;Ranged BLP (Dmg);7.5;10;HUB;;The Hub; 
Xent Tech Icy Death Ray;Carbine;BLP; ;38.5;3;22; ;33;1.8;8.4;323.8; ;255; ; ; ; ; ; ; ; ;55.4;0;0;0;0;0;0;0;0;0;Yes;Energy Amp;BLP Pack; ; ; ;BLP Sniper (Hit);7.5; ;Ranged BLP (Dmg);7.5; ;HUB old;Planet Cyrene 2012.1;The Hub; 
Xent Tech Light Rifle Prototype;Rifle;Laser; ;48.4;3.1;18; ;37;1.6;7.7;373.4;0.800;370;4.500;50.00;1.50; ;1.0;6063;2.78;2.780;49.9;0;0;9;9;0;0;0;0;0;Yes;Energy Amp;Weapon Cells; ; ; ;Laser Sniper (Hit);7; ;Ranged Laser (Dmg);7; ;Mission;15.3.2;Planet Cyrene; 
Xent Tech Light Rifle X2;Rifle;Laser; ;50.6;3.1;17; ;30;2.0;5.9;298.9;1.020;310;4.120;120.00;3.60; ;1.0;11412;2.06;2.868;56.1;0;0;12;5;0;0;0;0;0;Yes;Energy Amp;Weapon Cells; ; ; ;Laser Sniper (Hit);6; ;Ranged Laser (Dmg);6;9;Looted;Planet Cyrene 2013.1.1;Planet Cyrene; 
Xent Tech Light Rifle X3;Rifle;Laser; ;52.8;3.1;17; ;48;1.3;9.5;499.1;1.020;310;4.120;130.00;3.90; ;1.0;12363;3.30;2.868;56.1;0;0;12;5;0;0;0;0;0;Yes;Energy Amp;Weapon Cells; ; ; ;Laser Sniper (Hit);8; ;Ranged Laser (Dmg);8; ;Looted;;Planet Cyrene; 
XFire Survival Blaster (L);Pistol;BLP; ;27.5;2.2;51;0;46;1.3;27.2;747.3;3.233;900;12.233;180.00;5.40; ;1.0;5401;9.38;2.897;58.3;0;0;9;42;0;0;0;0;0;Yes;BLP Amp;BLP Pack; ; ; ;BLP Pistoleer (Hit);15;19;Ranged BLP (Dmg);15;19;Xfire Event;9.3.4;Planet Calypso; 
XFire Survival Knife (L);Melee;Shortblades; ;4.0;1.2;19;0;51;1.2;11.2;44.9;4.713;0;4.713;120.00;3.60; ;1.0;2470;4.01;2.802;51.4;13;6;0;0;0;0;0;0;0;Yes;Melee Amp;; ; ; ;Knifefighter (Hit);4;8;Knifefighter (Dmg);4;8;Xfire Event;9.3.4;Planet Calypso; 
Young Argonaut's Claws (L);Melee;Power Fist; ;6.0;1.4;28; ;61;1.0;19.8;118.7;6.650;0;6.650;75.00;2.25; ;1.0;1094;6.76;2.926;60.5;0;7;21;0;0;0;0;0;0;Yes;Melee Amp;; ; ; ;Brawler (Hit);9;14;Brawler (Dmg);9;14;Looted;12.3.1;Planet Calypso; 
Z12 Barbarella;Carbine;Laser; ;60.5;2;9; ;48;1.3;5.0;302.7;0.020;215;2.170;1.00;0.00; ;1.0;5000;1.74;2.882;57.2;0;0;2;0;0;7;0;0;0;Yes;Energy Amp;Weapon Cells; ; ; ;Laser Sniper (Hit);0;5.5;Ranged Laser (Dmg);0;5.5;Starter Pack;14.7.2;Entropia Universe; 
Zekkonain Claw Gamma (L);Melee;Power Fist; ;4.0;0.5;7; ;74;0.8;6.0;24.0; ;0; ;60.00;0.00; ; ; ; ; ;57.3;0;7;0;0;0;0;0;0;0;Yes;Melee Amp;; ; ; ;Brawler (Hit);3;5;Brawler (Dmg);3;5;Looted;;Planet Cyrene; 
Zekkonian Claw Alpha (L);Melee;Power Fist; ;4.0; ;3;0;67;0.9;2.3;9.3;0.723;0;0.723;20.00;0.60; ;1.0;2684;0.81;2.884;57.3;0;3;0;0;0;0;0;0;0;Yes;Melee Amp;; ; ; ;Brawler (Hit);1;3;Brawler (Dmg);1;3;Looted;;Planet Cyrene; 
Zekkonian Longblade Alpha (L);Melee;Longblades; ;5.0;1.5;8;0;22;2.7;2.0;10.2; ;0; ;80.00;2.40; ; ; ; ; ;57.3;3;2;3;0;0;0;0;0;0;Yes; ;; ; ; ;Swordsman (Hit);1; ;Swordsman (Dmg);1; ;Looted;14.0.3;Planet Cyrene; 
Zekkonian Shortblade Alpha (L);Melee;Shortblades; ;4.0;3;3; ;61;1.0;2.1;8.5;0.725;0;0.725;30.00; ; ;1.0;4138;0.74;2.876;57.3;3;0;0;0;0;0;0;0;0;Yes;Melee Amp;; ; ; ;Knifefighter (Hit);1; ;Knifefighter (Dmg);1; ;Looted;;Planet Cyrene; 
Zekkonian Shortblade Gamma (L);Melee;Shortblades; ;4.0;3;8; ;48;1.3;4.4;17.8; ; ; ;80.00; ; ; ; ; ; ;57.3;8;0;0;0;0;0;0;0;0;Yes;Melee Amp;; ; ; ;Knifefighter (Hit);3; ;Knifefighter (Dmg);3; ;Looted;Planet Cyrene 2013.1;Planet Cyrene; 
Zekkonian Short Sword Alpha (L);Melee;Longblades; ;5.0;1.5;4;0;44;1.4;2.0;10.2;0.964;0;0.964;40.00; ; ;1.0;4150;0.71;2.884;57.3;0;2;2;0;0;0;0;0;0;Yes;Melee Amp;; ; ; ;Swordsman (Hit);1; ;Swordsman (Dmg);1; ;Looted;14.0;Planet Cyrene; 
Zekkonian Short Sword Gamma (L);Melee;Longblades; ;5.0;1.5;12;0;48;1.3;6.7;33.4; ; ; ;120.00; ; ; ; ; ; ;57.3;0;8;4;0;0;0;0;0;0;Yes;Melee Amp;; ; ; ;Swordsman (Hit);3; ;Swordsman (Dmg);3; ;Looted;14.6.2;Planet Cyrene; 
Zorra's HK;Rifle;Laser; ;104.5;2.2;145;0;28;2.1;47.0;4914.5;13.500;2190;35.400;450.00;13.50; ;1.0;3234;16.52;2.847;54.6;0;0;0;30;0;115;0;0;0;Yes;Energy Amp;Weapon Cells; ; ; ;Laser Sniper (Hit);42;48;Ranged Laser (Dmg);42;48;Mission;15.15.5;Planet Cyrene; 
Zyn'kimbro Fishing Spear;Melee;Clubs; ; ;10;40; ;11;5.5;5.1; ;10.000;0;10.000;10.00;0.30; ;1.0;97;1.83;2.780;49.9;20;0;20;0;0;0;0;0;0;Yes;Melee Amp;; ; ; ;Two Handed Clubber (Hit);5; ;One Handed Clubber (Dmg);5; ;Mission;;Planet Cyrene; 
